#
# There is insufficient memory for the Java Runtime Environment to continue.
# Native memory allocation (malloc) failed to allocate 1787216 bytes for Chunk::new
# Possible reasons:
#   The system is out of physical RAM or swap space
#   The process is running with CompressedOops enabled, and the Java Heap may be blocking the growth of the native heap
# Possible solutions:
#   Reduce memory load on the system
#   Increase physical memory or swap space
#   Check if swap backing store is full
#   Decrease Java heap size (-Xmx/-Xms)
#   Decrease number of Java threads
#   Decrease Java thread stack sizes (-Xss)
#   Set larger code cache with -XX:ReservedCodeCacheSize=
#   JVM is running with Unscaled Compressed Oops mode in which the Java heap is
#     placed in the first 4GB address space. The Java Heap base address is the
#     maximum limit for the native heap growth. Please use -XX:HeapBaseMinAddress
#     to set the Java Heap base and to place the Java Heap above 4GB virtual address.
# This output file may be truncated or incomplete.
#
#  Out of Memory Error (arena.cpp:189), pid=35972, tid=38244
#
# JRE version: Java(TM) SE Runtime Environment (17.0.6+9) (build 17.0.6+9-LTS-190)
# Java VM: Java HotSpot(TM) 64-Bit Server VM (17.0.6+9-LTS-190, mixed mode, sharing, tiered, compressed oops, compressed class ptrs, g1 gc, windows-amd64)
# No core dump will be written. Minidumps are not enabled by default on client versions of Windows
#

---------------  S U M M A R Y ------------

Command Line: --add-opens=java.base/java.lang=ALL-UNNAMED --add-opens=java.base/java.lang.invoke=ALL-UNNAMED --add-opens=java.base/java.util=ALL-UNNAMED --add-opens=java.prefs/java.util.prefs=ALL-UNNAMED --add-exports=jdk.compiler/com.sun.tools.javac.api=ALL-UNNAMED --add-exports=jdk.compiler/com.sun.tools.javac.util=ALL-UNNAMED --add-opens=java.base/java.util=ALL-UNNAMED --add-opens=java.prefs/java.util.prefs=ALL-UNNAMED --add-opens=java.base/java.nio.charset=ALL-UNNAMED --add-opens=java.base/java.net=ALL-UNNAMED --add-opens=java.base/java.util.concurrent.atomic=ALL-UNNAMED --add-opens=java.xml/javax.xml.namespace=ALL-UNNAMED -XX:MaxMetaspaceSize=384m -XX:+HeapDumpOnOutOfMemoryError -Xms256m -Xmx512m -Dfile.encoding=UTF-8 -Duser.country=US -Duser.language=en -Duser.variant -javaagent:C:\Users\lenovo\.gradle\wrapper\dists\gradle-8.14.3-bin\cv11ve7ro1n3o1j4so8xd9n66\gradle-8.14.3\lib\agents\gradle-instrumentation-agent-8.14.3.jar org.gradle.launcher.daemon.bootstrap.GradleDaemon 8.14.3

Host: 11th Gen Intel(R) Core(TM) i7-1165G7 @ 2.80GHz, 8 cores, 15G,  Windows 11 , 64 bit Build 26100 (10.0.26100.6725)
Time: Wed Oct 22 02:15:26 2025 SE Asia Standard Time elapsed time: 29998.302458 seconds (0d 8h 19m 58s)

---------------  T H R E A D  ---------------

Current thread (0x0000018bdf378ef0):  JavaThread "C2 CompilerThread0" daemon [_thread_in_native, id=38244, stack(0x0000007de4300000,0x0000007de4400000)]


Current CompileTask:
C2:29998303 46157       4       org.gradle.internal.lazy.UnsafeLazy::get (30 bytes)

Stack: [0x0000007de4300000,0x0000007de4400000]
Native frames: (J=compiled Java code, j=interpreted, Vv=VM code, C=native code)
V  [jvm.dll+0x6734ea]
V  [jvm.dll+0x7d18f4]
V  [jvm.dll+0x7d309e]
V  [jvm.dll+0x7d3703]
V  [jvm.dll+0x2433c5]
V  [jvm.dll+0xaa46b]
V  [jvm.dll+0xaaa0c]
V  [jvm.dll+0x35eadf]
V  [jvm.dll+0x1b967a]
V  [jvm.dll+0x215f37]
V  [jvm.dll+0x215211]
V  [jvm.dll+0x1a1730]
V  [jvm.dll+0x224b6e]
V  [jvm.dll+0x222f15]
V  [jvm.dll+0x78753c]
V  [jvm.dll+0x781a7a]
V  [jvm.dll+0x672375]
C  [ucrtbase.dll+0x37b0]
C  [KERNEL32.DLL+0x2e8d7]
C  [ntdll.dll+0x8c53c]


---------------  P R O C E S S  ---------------

Threads class SMR info:
_java_thread_list=0x0000018be12b23b0, length=141, elements={
0x0000018bc4a57210, 0x0000018bdf357820, 0x0000018bdf3582e0, 0x0000018bdf36a6e0,
0x0000018bdf36f0c0, 0x0000018bdf36f980, 0x0000018bdf370240, 0x0000018bdf378ef0,
0x0000018bdf37a5e0, 0x0000018bdf381710, 0x0000018bdfe0c5f0, 0x0000018bdfedc0c0,
0x0000018be1d2f150, 0x0000018be0f19030, 0x0000018be1c2e520, 0x0000018be1db20c0,
0x0000018be1db1250, 0x0000018be1db1bf0, 0x0000018be1daf0a0, 0x0000018be1daf570,
0x0000018be1db03e0, 0x0000018be1daff10, 0x0000018be2474380, 0x0000018be2474850,
0x0000018be2475b90, 0x0000018be2477d40, 0x0000018be0ff6f60, 0x0000018be0ff3f40,
0x0000018be0ff4410, 0x0000018be44c5be0, 0x0000018be2473040, 0x0000018beeea62d0,
0x0000018be68f8f90, 0x0000018be68f9460, 0x0000018be0401690, 0x0000018be44fb3c0,
0x0000018be4a21f40, 0x0000018be24726a0, 0x0000018be016ced0, 0x0000018be016e210,
0x0000018be016e6e0, 0x0000018be4a210d0, 0x0000018be4a245c0, 0x0000018be4a22410,
0x0000018be4a240f0, 0x0000018be4a228e0, 0x0000018be68f8ac0, 0x0000018be68f9930,
0x0000018be68f9e00, 0x0000018be68fb140, 0x0000018be68fa2d0, 0x0000018be68fb610,
0x0000018be68fa7a0, 0x0000018be68fac70, 0x0000018be68f8120, 0x0000018be68f7c50,
0x0000018be287ecb0, 0x0000018be2882670, 0x0000018be287f180, 0x0000018be287f650,
0x0000018be24756c0, 0x0000018be2471d00, 0x0000018be2476ed0, 0x0000018be2473eb0,
0x0000018be2473510, 0x0000018be2478210, 0x0000018be2476060, 0x0000018be4a23750,
0x0000018be4a21a70, 0x0000018be4a215a0, 0x0000018be4a22db0, 0x0000018be4a23280,
0x0000018be4a23c20, 0x0000018bed36a310, 0x0000018bed3694a0, 0x0000018bed369970,
0x0000018bed369e40, 0x0000018bed36a7e0, 0x0000018bed3672f0, 0x0000018bed3677c0,
0x0000018bed367c90, 0x0000018bed368160, 0x0000018bed366e20, 0x0000018be44fb890,
0x0000018be44fa080, 0x0000018be44faef0, 0x0000018be44fbd60, 0x0000018be44fc230,
0x0000018be44fd0a0, 0x0000018be44fc700, 0x0000018be44fcbd0, 0x0000018be2476a00,
0x0000018be24773a0, 0x0000018bed368630, 0x0000018be1147e20, 0x0000018be1146fb0,
0x0000018be1146140, 0x0000018be1144460, 0x0000018be1144e00, 0x0000018be11452d0,
0x0000018be1147480, 0x0000018be1145c70, 0x0000018be1147950, 0x0000018be1144930,
0x0000018be11457a0, 0x0000018be1146610, 0x0000018be1146ae0, 0x0000018bec063f70,
0x0000018bec064de0, 0x0000018bec062c30, 0x0000018bec065780, 0x0000018bec0652b0,
0x0000018bec065c50, 0x0000018bec062760, 0x0000018bec062290, 0x0000018bec063100,
0x0000018bec0635d0, 0x0000018bec063aa0, 0x0000018bec064440, 0x0000018bec064910,
0x0000018be11e5460, 0x0000018be11e8480, 0x0000018be11e7fb0, 0x0000018be11e8950,
0x0000018be11e8e20, 0x0000018be11e7140, 0x0000018be11e5930, 0x0000018be11e7ae0,
0x0000018be11e7610, 0x0000018be11e5e00, 0x0000018be11e62d0, 0x0000018be11e67a0,
0x0000018be11e6c70, 0x0000018be287fb20, 0x0000018be28821a0, 0x0000018be2880990,
0x0000018be2880e60, 0x0000018be2881330, 0x0000018be2881800, 0x0000018be2881cd0,
0x0000018be46fd480
}

Java Threads: ( => current thread )
  0x0000018bc4a57210 JavaThread "main" [_thread_blocked, id=29248, stack(0x0000007de3600000,0x0000007de3700000)]
  0x0000018bdf357820 JavaThread "Reference Handler" daemon [_thread_blocked, id=35968, stack(0x0000007de3d00000,0x0000007de3e00000)]
  0x0000018bdf3582e0 JavaThread "Finalizer" daemon [_thread_blocked, id=37836, stack(0x0000007de3e00000,0x0000007de3f00000)]
  0x0000018bdf36a6e0 JavaThread "Signal Dispatcher" daemon [_thread_blocked, id=20872, stack(0x0000007de3f00000,0x0000007de4000000)]
  0x0000018bdf36f0c0 JavaThread "Attach Listener" daemon [_thread_blocked, id=23136, stack(0x0000007de4000000,0x0000007de4100000)]
  0x0000018bdf36f980 JavaThread "Service Thread" daemon [_thread_blocked, id=26924, stack(0x0000007de4100000,0x0000007de4200000)]
  0x0000018bdf370240 JavaThread "Monitor Deflation Thread" daemon [_thread_blocked, id=8276, stack(0x0000007de4200000,0x0000007de4300000)]
=>0x0000018bdf378ef0 JavaThread "C2 CompilerThread0" daemon [_thread_in_native, id=38244, stack(0x0000007de4300000,0x0000007de4400000)]
  0x0000018bdf37a5e0 JavaThread "C1 CompilerThread0" daemon [_thread_blocked, id=7716, stack(0x0000007de4400000,0x0000007de4500000)]
  0x0000018bdf381710 JavaThread "Sweeper thread" daemon [_thread_blocked, id=3912, stack(0x0000007de4500000,0x0000007de4600000)]
  0x0000018bdfe0c5f0 JavaThread "Common-Cleaner" daemon [_thread_blocked, id=36212, stack(0x0000007de4600000,0x0000007de4700000)]
  0x0000018bdfedc0c0 JavaThread "Notification Thread" daemon [_thread_blocked, id=26732, stack(0x0000007de4700000,0x0000007de4800000)]
  0x0000018be1d2f150 JavaThread "Daemon health stats" [_thread_blocked, id=30476, stack(0x0000007de4a00000,0x0000007de4b00000)]
  0x0000018be0f19030 JavaThread "Incoming local TCP Connector on port 52352" [_thread_in_native, id=2312, stack(0x0000007de5100000,0x0000007de5200000)]
  0x0000018be1c2e520 JavaThread "Daemon periodic checks" [_thread_blocked, id=38756, stack(0x0000007de5200000,0x0000007de5300000)]
  0x0000018be1db20c0 JavaThread "Cache worker for journal cache (C:\Users\lenovo\.gradle\caches\journal-1)" [_thread_blocked, id=33600, stack(0x0000007de5a00000,0x0000007de5b00000)]
  0x0000018be1db1250 JavaThread "File lock request listener" [_thread_in_native, id=23724, stack(0x0000007de5b00000,0x0000007de5c00000)]
  0x0000018be1db1bf0 JavaThread "Cache worker for file hash cache (C:\Users\lenovo\.gradle\caches\8.14.3\fileHashes)" [_thread_blocked, id=37228, stack(0x0000007de5c00000,0x0000007de5d00000)]
  0x0000018be1daf0a0 JavaThread "File watcher server" daemon [_thread_in_native, id=38880, stack(0x0000007de6300000,0x0000007de6400000)]
  0x0000018be1daf570 JavaThread "File watcher consumer" daemon [_thread_blocked, id=15460, stack(0x0000007de6400000,0x0000007de6500000)]
  0x0000018be1db03e0 JavaThread "jar transforms" [_thread_blocked, id=36536, stack(0x0000007de6500000,0x0000007de6600000)]
  0x0000018be1daff10 JavaThread "jar transforms Thread 2" [_thread_blocked, id=38720, stack(0x0000007de6600000,0x0000007de6700000)]
  0x0000018be2474380 JavaThread "Cache worker for file content cache (C:\Users\lenovo\.gradle\caches\8.14.3\fileContent)" [_thread_blocked, id=36808, stack(0x0000007de6800000,0x0000007de6900000)]
  0x0000018be2474850 JavaThread "jar transforms Thread 3" [_thread_blocked, id=11996, stack(0x0000007de6900000,0x0000007de6a00000)]
  0x0000018be2475b90 JavaThread "jar transforms Thread 4" [_thread_blocked, id=14720, stack(0x0000007de7600000,0x0000007de7700000)]
  0x0000018be2477d40 JavaThread "jar transforms Thread 5" [_thread_blocked, id=38408, stack(0x0000007de7700000,0x0000007de7800000)]
  0x0000018be0ff6f60 JavaThread "jar transforms Thread 6" [_thread_blocked, id=36516, stack(0x0000007de7d00000,0x0000007de7e00000)]
  0x0000018be0ff3f40 JavaThread "jar transforms Thread 7" [_thread_blocked, id=34632, stack(0x0000007de7e00000,0x0000007de7f00000)]
  0x0000018be0ff4410 JavaThread "jar transforms Thread 8" [_thread_blocked, id=3360, stack(0x0000007de8400000,0x0000007de8500000)]
  0x0000018be44c5be0 JavaThread "Memory manager" [_thread_blocked, id=32612, stack(0x0000007dea100000,0x0000007dea200000)]
  0x0000018be2473040 JavaThread "Cache worker for Java compile cache (C:\Users\lenovo\.gradle\caches\8.14.3\javaCompile)" [_thread_blocked, id=36612, stack(0x0000007ded400000,0x0000007ded500000)]
  0x0000018beeea62d0 JavaThread "ForkJoinPool.commonPool-worker-151" daemon [_thread_blocked, id=21172, stack(0x0000007de9500000,0x0000007de9600000)]
  0x0000018be68f8f90 JavaThread "ForkJoinPool.commonPool-worker-155" daemon [_thread_blocked, id=34644, stack(0x0000007de9100000,0x0000007de9200000)]
  0x0000018be68f9460 JavaThread "ForkJoinPool.commonPool-worker-156" daemon [_thread_blocked, id=24808, stack(0x0000007de9200000,0x0000007de9300000)]
  0x0000018be0401690 JavaThread "ForkJoinPool.commonPool-worker-157" daemon [_thread_blocked, id=30136, stack(0x0000007de9400000,0x0000007de9500000)]
  0x0000018be44fb3c0 JavaThread "ForkJoinPool.commonPool-worker-159" daemon [_thread_blocked, id=27548, stack(0x0000007de9600000,0x0000007de9700000)]
  0x0000018be4a21f40 JavaThread "ForkJoinPool.commonPool-worker-160" daemon [_thread_blocked, id=364, stack(0x0000007de9700000,0x0000007de9800000)]
  0x0000018be24726a0 JavaThread "Daemon Thread 103" [_thread_blocked, id=2492, stack(0x0000007de3300000,0x0000007de3400000)]
  0x0000018be016ced0 JavaThread "Handler for socket connection from /127.0.0.1:52352 to /127.0.0.1:55822" [_thread_in_native, id=35236, stack(0x0000007de3400000,0x0000007de3500000)]
  0x0000018be016e210 JavaThread "Cancel handler" [_thread_blocked, id=31344, stack(0x0000007de3500000,0x0000007de3600000)]
  0x0000018be016e6e0 JavaThread "Daemon worker Thread 60" [_thread_in_Java, id=26768, stack(0x0000007de4900000,0x0000007de4a00000)]
  0x0000018be4a210d0 JavaThread "Asynchronous log dispatcher for DefaultDaemonConnection: socket connection from /127.0.0.1:52352 to /127.0.0.1:55822" [_thread_blocked, id=6716, stack(0x0000007de5300000,0x0000007de5400000)]
  0x0000018be4a245c0 JavaThread "Stdin handler" [_thread_blocked, id=29112, stack(0x0000007de5400000,0x0000007de5500000)]
  0x0000018be4a22410 JavaThread "Daemon client event forwarder" [_thread_blocked, id=36716, stack(0x0000007de5500000,0x0000007de5600000)]
  0x0000018be4a240f0 JavaThread "Cache worker for file hash cache (D:\DATN\movie-ticket-booking-be\.gradle\8.14.3\fileHashes)" [_thread_blocked, id=26464, stack(0x0000007de5600000,0x0000007de5700000)]
  0x0000018be4a228e0 JavaThread "Cache worker for Build Output Cleanup Cache (D:\DATN\movie-ticket-booking-be\.gradle\buildOutputCleanup)" [_thread_blocked, id=27772, stack(0x0000007de5700000,0x0000007de5800000)]
  0x0000018be68f8ac0 JavaThread "Cache worker for checksums cache (D:\DATN\movie-ticket-booking-be\.gradle\8.14.3\checksums)" [_thread_blocked, id=36396, stack(0x0000007de5800000,0x0000007de5900000)]
  0x0000018be68f9930 JavaThread "Cache worker for cache directory md-supplier (C:\Users\lenovo\.gradle\caches\8.14.3\md-supplier)" [_thread_blocked, id=37316, stack(0x0000007de5900000,0x0000007de5a00000)]
  0x0000018be68f9e00 JavaThread "Cache worker for cache directory md-rule (C:\Users\lenovo\.gradle\caches\8.14.3\md-rule)" [_thread_blocked, id=22412, stack(0x0000007de5e00000,0x0000007de5f00000)]
  0x0000018be68fb140 JavaThread "Unconstrained build operations" [_thread_blocked, id=21276, stack(0x0000007de5f00000,0x0000007de6000000)]
  0x0000018be68fa2d0 JavaThread "Unconstrained build operations Thread 2" [_thread_blocked, id=12964, stack(0x0000007de6700000,0x0000007de6800000)]
  0x0000018be68fb610 JavaThread "Unconstrained build operations Thread 3" [_thread_blocked, id=30532, stack(0x0000007de6a00000,0x0000007de6b00000)]
  0x0000018be68fa7a0 JavaThread "Unconstrained build operations Thread 4" [_thread_blocked, id=27376, stack(0x0000007de6b00000,0x0000007de6c00000)]
  0x0000018be68fac70 JavaThread "Unconstrained build operations Thread 5" [_thread_blocked, id=34004, stack(0x0000007de6c00000,0x0000007de6d00000)]
  0x0000018be68f8120 JavaThread "Unconstrained build operations Thread 6" [_thread_blocked, id=34372, stack(0x0000007de6d00000,0x0000007de6e00000)]
  0x0000018be68f7c50 JavaThread "Unconstrained build operations Thread 7" [_thread_blocked, id=33704, stack(0x0000007de6e00000,0x0000007de6f00000)]
  0x0000018be287ecb0 JavaThread "Unconstrained build operations Thread 8" [_thread_blocked, id=5452, stack(0x0000007de6f00000,0x0000007de7000000)]
  0x0000018be2882670 JavaThread "Unconstrained build operations Thread 9" [_thread_blocked, id=29476, stack(0x0000007de7000000,0x0000007de7100000)]
  0x0000018be287f180 JavaThread "Unconstrained build operations Thread 10" [_thread_blocked, id=36448, stack(0x0000007de7100000,0x0000007de7200000)]
  0x0000018be287f650 JavaThread "Unconstrained build operations Thread 11" [_thread_blocked, id=30372, stack(0x0000007de7300000,0x0000007de7400000)]
  0x0000018be24756c0 JavaThread "Unconstrained build operations Thread 12" [_thread_blocked, id=24244, stack(0x0000007de7400000,0x0000007de7500000)]
  0x0000018be2471d00 JavaThread "Unconstrained build operations Thread 13" [_thread_blocked, id=14080, stack(0x0000007de7500000,0x0000007de7600000)]
  0x0000018be2476ed0 JavaThread "Unconstrained build operations Thread 14" [_thread_blocked, id=27208, stack(0x0000007de7800000,0x0000007de7900000)]
  0x0000018be2473eb0 JavaThread "Unconstrained build operations Thread 15" [_thread_blocked, id=37948, stack(0x0000007de7900000,0x0000007de7a00000)]
  0x0000018be2473510 JavaThread "Unconstrained build operations Thread 16" [_thread_blocked, id=32200, stack(0x0000007de7a00000,0x0000007de7b00000)]
  0x0000018be2478210 JavaThread "Unconstrained build operations Thread 17" [_thread_blocked, id=35892, stack(0x0000007de7b00000,0x0000007de7c00000)]
  0x0000018be2476060 JavaThread "Unconstrained build operations Thread 18" [_thread_blocked, id=36528, stack(0x0000007de7c00000,0x0000007de7d00000)]
  0x0000018be4a23750 JavaThread "Unconstrained build operations Thread 19" [_thread_blocked, id=27456, stack(0x0000007de7f00000,0x0000007de8000000)]
  0x0000018be4a21a70 JavaThread "Unconstrained build operations Thread 20" [_thread_blocked, id=13352, stack(0x0000007de8000000,0x0000007de8100000)]
  0x0000018be4a215a0 JavaThread "Unconstrained build operations Thread 21" [_thread_blocked, id=32000, stack(0x0000007de8100000,0x0000007de8200000)]
  0x0000018be4a22db0 JavaThread "Unconstrained build operations Thread 22" [_thread_blocked, id=17956, stack(0x0000007de8200000,0x0000007de8300000)]
  0x0000018be4a23280 JavaThread "Unconstrained build operations Thread 23" [_thread_blocked, id=4568, stack(0x0000007de8300000,0x0000007de8400000)]
  0x0000018be4a23c20 JavaThread "Unconstrained build operations Thread 24" [_thread_blocked, id=33832, stack(0x0000007de8500000,0x0000007de8600000)]
  0x0000018bed36a310 JavaThread "Unconstrained build operations Thread 25" [_thread_blocked, id=17208, stack(0x0000007de8600000,0x0000007de8700000)]
  0x0000018bed3694a0 JavaThread "Unconstrained build operations Thread 26" [_thread_blocked, id=21076, stack(0x0000007de8700000,0x0000007de8800000)]
  0x0000018bed369970 JavaThread "Unconstrained build operations Thread 27" [_thread_blocked, id=29180, stack(0x0000007de8800000,0x0000007de8900000)]
  0x0000018bed369e40 JavaThread "Unconstrained build operations Thread 28" [_thread_blocked, id=5784, stack(0x0000007de8900000,0x0000007de8a00000)]
  0x0000018bed36a7e0 JavaThread "Unconstrained build operations Thread 29" [_thread_blocked, id=8708, stack(0x0000007de8a00000,0x0000007de8b00000)]
  0x0000018bed3672f0 JavaThread "Unconstrained build operations Thread 30" [_thread_blocked, id=21180, stack(0x0000007de8b00000,0x0000007de8c00000)]
  0x0000018bed3677c0 JavaThread "Unconstrained build operations Thread 31" [_thread_blocked, id=2880, stack(0x0000007de8c00000,0x0000007de8d00000)]
  0x0000018bed367c90 JavaThread "Unconstrained build operations Thread 32" [_thread_blocked, id=12248, stack(0x0000007de8d00000,0x0000007de8e00000)]
  0x0000018bed368160 JavaThread "build event listener" [_thread_blocked, id=7108, stack(0x0000007de8f00000,0x0000007de9000000)]
  0x0000018bed366e20 JavaThread "included builds" [_thread_blocked, id=37188, stack(0x0000007de9300000,0x0000007de9400000)]
  0x0000018be44fb890 JavaThread "Execution worker" [_thread_blocked, id=31332, stack(0x0000007de9800000,0x0000007de9900000)]
  0x0000018be44fa080 JavaThread "Execution worker Thread 2" [_thread_blocked, id=29632, stack(0x0000007de9900000,0x0000007de9a00000)]
  0x0000018be44faef0 JavaThread "Execution worker Thread 3" [_thread_blocked, id=24944, stack(0x0000007de9a00000,0x0000007de9b00000)]
  0x0000018be44fbd60 JavaThread "Execution worker Thread 4" [_thread_blocked, id=35336, stack(0x0000007de9b00000,0x0000007de9c00000)]
  0x0000018be44fc230 JavaThread "Execution worker Thread 5" [_thread_blocked, id=31800, stack(0x0000007de9c00000,0x0000007de9d00000)]
  0x0000018be44fd0a0 JavaThread "Execution worker Thread 6" [_thread_blocked, id=33800, stack(0x0000007de9d00000,0x0000007de9e00000)]
  0x0000018be44fc700 JavaThread "Execution worker Thread 7" [_thread_blocked, id=27216, stack(0x0000007de9e00000,0x0000007de9f00000)]
  0x0000018be44fcbd0 JavaThread "Cache worker for execution history cache (D:\DATN\movie-ticket-booking-be\.gradle\8.14.3\executionHistory)" [_thread_blocked, id=38780, stack(0x0000007de9f00000,0x0000007dea000000)]
  0x0000018be2476a00 JavaThread "idea-tooling-model-converter" [_thread_blocked, id=20356, stack(0x0000007de9000000,0x0000007de9100000)]
  0x0000018be24773a0 JavaThread "ForkJoinPool.commonPool-worker-161" daemon [_thread_blocked, id=36720, stack(0x0000007de8e00000,0x0000007de8f00000)]
  0x0000018bed368630 JavaThread "Unconstrained build operations Thread 33" [_thread_blocked, id=30712, stack(0x0000007dea000000,0x0000007dea100000)]
  0x0000018be1147e20 JavaThread "Unconstrained build operations Thread 34" [_thread_blocked, id=34836, stack(0x0000007dea300000,0x0000007dea400000)]
  0x0000018be1146fb0 JavaThread "Unconstrained build operations Thread 35" [_thread_blocked, id=17732, stack(0x0000007dea400000,0x0000007dea500000)]
  0x0000018be1146140 JavaThread "Unconstrained build operations Thread 36" [_thread_blocked, id=18584, stack(0x0000007dea500000,0x0000007dea600000)]
  0x0000018be1144460 JavaThread "Unconstrained build operations Thread 37" [_thread_blocked, id=18856, stack(0x0000007dea600000,0x0000007dea700000)]
  0x0000018be1144e00 JavaThread "Unconstrained build operations Thread 38" [_thread_blocked, id=32772, stack(0x0000007dea700000,0x0000007dea800000)]
  0x0000018be11452d0 JavaThread "Unconstrained build operations Thread 39" [_thread_blocked, id=23608, stack(0x0000007dea800000,0x0000007dea900000)]
  0x0000018be1147480 JavaThread "Unconstrained build operations Thread 40" [_thread_blocked, id=35228, stack(0x0000007dea900000,0x0000007deaa00000)]
  0x0000018be1145c70 JavaThread "Unconstrained build operations Thread 41" [_thread_blocked, id=35152, stack(0x0000007deaa00000,0x0000007deab00000)]
  0x0000018be1147950 JavaThread "Unconstrained build operations Thread 42" [_thread_blocked, id=7444, stack(0x0000007deab00000,0x0000007deac00000)]
  0x0000018be1144930 JavaThread "Unconstrained build operations Thread 43" [_thread_blocked, id=34576, stack(0x0000007deac00000,0x0000007dead00000)]
  0x0000018be11457a0 JavaThread "Unconstrained build operations Thread 44" [_thread_blocked, id=38092, stack(0x0000007dead00000,0x0000007deae00000)]
  0x0000018be1146610 JavaThread "Unconstrained build operations Thread 45" [_thread_blocked, id=27428, stack(0x0000007deae00000,0x0000007deaf00000)]
  0x0000018be1146ae0 JavaThread "Unconstrained build operations Thread 46" [_thread_blocked, id=33140, stack(0x0000007deaf00000,0x0000007deb000000)]
  0x0000018bec063f70 JavaThread "Unconstrained build operations Thread 47" [_thread_blocked, id=33892, stack(0x0000007deb000000,0x0000007deb100000)]
  0x0000018bec064de0 JavaThread "Unconstrained build operations Thread 48" [_thread_blocked, id=21220, stack(0x0000007deb100000,0x0000007deb200000)]
  0x0000018bec062c30 JavaThread "Unconstrained build operations Thread 49" [_thread_blocked, id=33344, stack(0x0000007deb200000,0x0000007deb300000)]
  0x0000018bec065780 JavaThread "Unconstrained build operations Thread 50" [_thread_blocked, id=20196, stack(0x0000007deb300000,0x0000007deb400000)]
  0x0000018bec0652b0 JavaThread "Unconstrained build operations Thread 51" [_thread_blocked, id=11132, stack(0x0000007deb400000,0x0000007deb500000)]
  0x0000018bec065c50 JavaThread "Unconstrained build operations Thread 52" [_thread_blocked, id=17824, stack(0x0000007deb500000,0x0000007deb600000)]
  0x0000018bec062760 JavaThread "Unconstrained build operations Thread 53" [_thread_blocked, id=4012, stack(0x0000007deb600000,0x0000007deb700000)]
  0x0000018bec062290 JavaThread "Unconstrained build operations Thread 54" [_thread_blocked, id=36764, stack(0x0000007deb700000,0x0000007deb800000)]
  0x0000018bec063100 JavaThread "Unconstrained build operations Thread 55" [_thread_blocked, id=5976, stack(0x0000007deb800000,0x0000007deb900000)]
  0x0000018bec0635d0 JavaThread "Unconstrained build operations Thread 56" [_thread_blocked, id=33540, stack(0x0000007deb900000,0x0000007deba00000)]
  0x0000018bec063aa0 JavaThread "Unconstrained build operations Thread 57" [_thread_blocked, id=22324, stack(0x0000007deba00000,0x0000007debb00000)]
  0x0000018bec064440 JavaThread "Unconstrained build operations Thread 58" [_thread_blocked, id=11172, stack(0x0000007debb00000,0x0000007debc00000)]
  0x0000018bec064910 JavaThread "Unconstrained build operations Thread 59" [_thread_blocked, id=27788, stack(0x0000007debc00000,0x0000007debd00000)]
  0x0000018be11e5460 JavaThread "Unconstrained build operations Thread 60" [_thread_blocked, id=31668, stack(0x0000007debd00000,0x0000007debe00000)]
  0x0000018be11e8480 JavaThread "Unconstrained build operations Thread 61" [_thread_blocked, id=32312, stack(0x0000007debe00000,0x0000007debf00000)]
  0x0000018be11e7fb0 JavaThread "Unconstrained build operations Thread 62" [_thread_blocked, id=26212, stack(0x0000007debf00000,0x0000007dec000000)]
  0x0000018be11e8950 JavaThread "Unconstrained build operations Thread 63" [_thread_blocked, id=30972, stack(0x0000007dec000000,0x0000007dec100000)]
  0x0000018be11e8e20 JavaThread "Unconstrained build operations Thread 64" [_thread_blocked, id=33416, stack(0x0000007dec100000,0x0000007dec200000)]
  0x0000018be11e7140 JavaThread "Unconstrained build operations Thread 65" [_thread_blocked, id=36176, stack(0x0000007dec200000,0x0000007dec300000)]
  0x0000018be11e5930 JavaThread "Unconstrained build operations Thread 66" [_thread_blocked, id=35144, stack(0x0000007dec300000,0x0000007dec400000)]
  0x0000018be11e7ae0 JavaThread "Unconstrained build operations Thread 67" [_thread_blocked, id=30240, stack(0x0000007dec400000,0x0000007dec500000)]
  0x0000018be11e7610 JavaThread "Unconstrained build operations Thread 68" [_thread_blocked, id=11736, stack(0x0000007dec500000,0x0000007dec600000)]
  0x0000018be11e5e00 JavaThread "Unconstrained build operations Thread 69" [_thread_blocked, id=35092, stack(0x0000007dec600000,0x0000007dec700000)]
  0x0000018be11e62d0 JavaThread "Unconstrained build operations Thread 70" [_thread_blocked, id=33432, stack(0x0000007dec700000,0x0000007dec800000)]
  0x0000018be11e67a0 JavaThread "Unconstrained build operations Thread 71" [_thread_blocked, id=15548, stack(0x0000007dec800000,0x0000007dec900000)]
  0x0000018be11e6c70 JavaThread "Unconstrained build operations Thread 72" [_thread_blocked, id=36896, stack(0x0000007dec900000,0x0000007deca00000)]
  0x0000018be287fb20 JavaThread "Unconstrained build operations Thread 73" [_thread_blocked, id=28004, stack(0x0000007deca00000,0x0000007decb00000)]
  0x0000018be28821a0 JavaThread "Unconstrained build operations Thread 74" [_thread_blocked, id=25020, stack(0x0000007decb00000,0x0000007decc00000)]
  0x0000018be2880990 JavaThread "Unconstrained build operations Thread 75" [_thread_blocked, id=29888, stack(0x0000007decc00000,0x0000007decd00000)]
  0x0000018be2880e60 JavaThread "Unconstrained build operations Thread 76" [_thread_blocked, id=8992, stack(0x0000007decd00000,0x0000007dece00000)]
  0x0000018be2881330 JavaThread "Unconstrained build operations Thread 77" [_thread_blocked, id=30048, stack(0x0000007dece00000,0x0000007decf00000)]
  0x0000018be2881800 JavaThread "Unconstrained build operations Thread 78" [_thread_blocked, id=37816, stack(0x0000007decf00000,0x0000007ded000000)]
  0x0000018be2881cd0 JavaThread "Unconstrained build operations Thread 79" [_thread_blocked, id=7216, stack(0x0000007ded000000,0x0000007ded100000)]
  0x0000018be46fd480 JavaThread "Unconstrained build operations Thread 80" [_thread_blocked, id=13548, stack(0x0000007ded100000,0x0000007ded200000)]

Other Threads:
  0x0000018bdf3561f0 VMThread "VM Thread" [stack: 0x0000007de3c00000,0x0000007de3d00000] [id=5344]
  0x0000018bdff777e0 WatcherThread [stack: 0x0000007de4800000,0x0000007de4900000] [id=19248]
  0x0000018bc4a84870 GCTaskThread "GC Thread#0" [stack: 0x0000007de3700000,0x0000007de3800000] [id=34832]
  0x0000018be0081820 GCTaskThread "GC Thread#1" [stack: 0x0000007de4b00000,0x0000007de4c00000] [id=32476]
  0x0000018be010eca0 GCTaskThread "GC Thread#2" [stack: 0x0000007de4c00000,0x0000007de4d00000] [id=18092]
  0x0000018be008bb20 GCTaskThread "GC Thread#3" [stack: 0x0000007de4d00000,0x0000007de4e00000] [id=28636]
  0x0000018be05e1580 GCTaskThread "GC Thread#4" [stack: 0x0000007de4e00000,0x0000007de4f00000] [id=34244]
  0x0000018be05e1830 GCTaskThread "GC Thread#5" [stack: 0x0000007de4f00000,0x0000007de5000000] [id=37260]
  0x0000018be0c8b040 GCTaskThread "GC Thread#6" [stack: 0x0000007de6000000,0x0000007de6100000] [id=37044]
  0x0000018be0c8c060 GCTaskThread "GC Thread#7" [stack: 0x0000007de6100000,0x0000007de6200000] [id=28772]
  0x0000018bc4a89560 ConcurrentGCThread "G1 Main Marker" [stack: 0x0000007de3800000,0x0000007de3900000] [id=33044]
  0x0000018bc4a8a890 ConcurrentGCThread "G1 Conc#0" [stack: 0x0000007de3900000,0x0000007de3a00000] [id=37352]
  0x0000018be0c8a830 ConcurrentGCThread "G1 Conc#1" [stack: 0x0000007de6200000,0x0000007de6300000] [id=14712]
  0x0000018bc4b1d170 ConcurrentGCThread "G1 Refine#0" [stack: 0x0000007de3a00000,0x0000007de3b00000] [id=22732]
  0x0000018be0c9f8e0 ConcurrentGCThread "G1 Refine#1" [stack: 0x0000007de5000000,0x0000007de5100000] [id=12184]
  0x0000018be646c770 ConcurrentGCThread "G1 Refine#2" [stack: 0x0000007de5d00000,0x0000007de5e00000] [id=20816]
  0x0000018be646aab0 ConcurrentGCThread "G1 Refine#3" [stack: 0x0000007dea200000,0x0000007dea300000] [id=28932]
  0x0000018be646e710 ConcurrentGCThread "G1 Refine#4" [stack: 0x0000007de7200000,0x0000007de7300000] [id=27432]
  0x0000018be79de420 ConcurrentGCThread "G1 Refine#5" [stack: 0x0000007dedb00000,0x0000007dedc00000] [id=10588]
  0x0000018bc4b1d940 ConcurrentGCThread "G1 Service" [stack: 0x0000007de3b00000,0x0000007de3c00000] [id=5808]

Threads with active compile tasks:
C2 CompilerThread0  29998357 46157       4       org.gradle.internal.lazy.UnsafeLazy::get (30 bytes)

VM state: not at safepoint (normal execution)

VM Mutex/Monitor currently owned by a thread: None

Heap address: 0x00000000e0000000, size: 512 MB, Compressed Oops mode: 32-bit

CDS archive(s) mapped at: [0x0000000800000000-0x0000000800bd0000-0x0000000800bd0000), size 12386304, SharedBaseAddress: 0x0000000800000000, ArchiveRelocationMode: 0.
Compressed class space mapped at: 0x0000000800c00000-0x0000000814000000, reserved size: 322961408
Narrow klass base: 0x0000000800000000, Narrow klass shift: 0, Narrow klass range: 0x100000000

GC Precious Log:
 CPUs: 8 total, 8 available
 Memory: 16183M
 Large Page Support: Disabled
 NUMA Support: Disabled
 Compressed Oops: Enabled (32-bit)
 Heap Region Size: 1M
 Heap Min Capacity: 256M
 Heap Initial Capacity: 256M
 Heap Max Capacity: 512M
 Pre-touch: Disabled
 Parallel Workers: 8
 Concurrent Workers: 2
 Concurrent Refinement Workers: 8
 Periodic GC: Disabled

Heap:
 garbage-first heap   total 452608K, used 256378K [0x00000000e0000000, 0x0000000100000000)
  region size 1024K, 88 young (90112K), 2 survivors (2048K)
 Metaspace       used 106106K, committed 107648K, reserved 413696K
  class space    used 13454K, committed 14144K, reserved 315392K

Heap Regions: E=young(eden), S=young(survivor), O=old, HS=humongous(starts), HC=humongous(continues), CS=collection set, F=free, OA=open archive, CA=closed archive, TAMS=top-at-mark-start (previous, next)
|   0|0x00000000e0000000, 0x00000000e0100000, 0x00000000e0100000|100%|HS|  |TAMS 0x00000000e0100000, 0x00000000e0000000| Complete 
|   1|0x00000000e0100000, 0x00000000e0200000, 0x00000000e0200000|100%|HC|  |TAMS 0x00000000e0200000, 0x00000000e0100000| Complete 
|   2|0x00000000e0200000, 0x00000000e0300000, 0x00000000e0300000|100%|HC|  |TAMS 0x00000000e0300000, 0x00000000e0200000| Complete 
|   3|0x00000000e0300000, 0x00000000e0400000, 0x00000000e0400000|100%| O|  |TAMS 0x00000000e0400000, 0x00000000e0300000| Untracked 
|   4|0x00000000e0400000, 0x00000000e0500000, 0x00000000e0500000|100%| O|  |TAMS 0x00000000e0500000, 0x00000000e0400000| Untracked 
|   5|0x00000000e0500000, 0x00000000e0600000, 0x00000000e0600000|100%| O|  |TAMS 0x00000000e0600000, 0x00000000e0500000| Untracked 
|   6|0x00000000e0600000, 0x00000000e0700000, 0x00000000e0700000|100%| O|  |TAMS 0x00000000e0700000, 0x00000000e0600000| Untracked 
|   7|0x00000000e0700000, 0x00000000e0800000, 0x00000000e0800000|100%|HS|  |TAMS 0x00000000e0800000, 0x00000000e0700000| Complete 
|   8|0x00000000e0800000, 0x00000000e0900000, 0x00000000e0900000|100%| O|  |TAMS 0x00000000e0900000, 0x00000000e0800000| Untracked 
|   9|0x00000000e0900000, 0x00000000e0a00000, 0x00000000e0a00000|100%| O|  |TAMS 0x00000000e0a00000, 0x00000000e0900000| Untracked 
|  10|0x00000000e0a00000, 0x00000000e0b00000, 0x00000000e0b00000|100%| O|  |TAMS 0x00000000e0b00000, 0x00000000e0a00000| Untracked 
|  11|0x00000000e0b00000, 0x00000000e0c00000, 0x00000000e0c00000|100%| O|  |TAMS 0x00000000e0c00000, 0x00000000e0b00000| Untracked 
|  12|0x00000000e0c00000, 0x00000000e0d00000, 0x00000000e0d00000|100%| O|  |TAMS 0x00000000e0d00000, 0x00000000e0c00000| Untracked 
|  13|0x00000000e0d00000, 0x00000000e0e00000, 0x00000000e0e00000|100%|HS|  |TAMS 0x00000000e0e00000, 0x00000000e0d00000| Complete 
|  14|0x00000000e0e00000, 0x00000000e0f00000, 0x00000000e0f00000|100%|HC|  |TAMS 0x00000000e0f00000, 0x00000000e0e00000| Complete 
|  15|0x00000000e0f00000, 0x00000000e1000000, 0x00000000e1000000|100%| O|  |TAMS 0x00000000e1000000, 0x00000000e0f00000| Untracked 
|  16|0x00000000e1000000, 0x00000000e1100000, 0x00000000e1100000|100%| O|  |TAMS 0x00000000e1100000, 0x00000000e1000000| Untracked 
|  17|0x00000000e1100000, 0x00000000e1200000, 0x00000000e1200000|100%| O|  |TAMS 0x00000000e1200000, 0x00000000e1100000| Untracked 
|  18|0x00000000e1200000, 0x00000000e1300000, 0x00000000e1300000|100%| O|  |TAMS 0x00000000e1300000, 0x00000000e1200000| Untracked 
|  19|0x00000000e1300000, 0x00000000e1400000, 0x00000000e1400000|100%| O|  |TAMS 0x00000000e1400000, 0x00000000e1300000| Untracked 
|  20|0x00000000e1400000, 0x00000000e1500000, 0x00000000e1500000|100%| O|  |TAMS 0x00000000e1500000, 0x00000000e1400000| Untracked 
|  21|0x00000000e1500000, 0x00000000e1600000, 0x00000000e1600000|100%| O|  |TAMS 0x00000000e1600000, 0x00000000e1500000| Untracked 
|  22|0x00000000e1600000, 0x00000000e1700000, 0x00000000e1700000|100%| O|  |TAMS 0x00000000e1700000, 0x00000000e1600000| Untracked 
|  23|0x00000000e1700000, 0x00000000e1800000, 0x00000000e1800000|100%| O|  |TAMS 0x00000000e1800000, 0x00000000e1700000| Untracked 
|  24|0x00000000e1800000, 0x00000000e1900000, 0x00000000e1900000|100%| O|  |TAMS 0x00000000e1900000, 0x00000000e1800000| Untracked 
|  25|0x00000000e1900000, 0x00000000e1a00000, 0x00000000e1a00000|100%| O|  |TAMS 0x00000000e1a00000, 0x00000000e1900000| Untracked 
|  26|0x00000000e1a00000, 0x00000000e1b00000, 0x00000000e1b00000|100%| O|  |TAMS 0x00000000e1b00000, 0x00000000e1a00000| Untracked 
|  27|0x00000000e1b00000, 0x00000000e1c00000, 0x00000000e1c00000|100%| O|  |TAMS 0x00000000e1c00000, 0x00000000e1b00000| Untracked 
|  28|0x00000000e1c00000, 0x00000000e1d00000, 0x00000000e1d00000|100%| O|  |TAMS 0x00000000e1d00000, 0x00000000e1c00000| Untracked 
|  29|0x00000000e1d00000, 0x00000000e1e00000, 0x00000000e1e00000|100%| O|  |TAMS 0x00000000e1e00000, 0x00000000e1d00000| Untracked 
|  30|0x00000000e1e00000, 0x00000000e1f00000, 0x00000000e1f00000|100%| O|  |TAMS 0x00000000e1f00000, 0x00000000e1e00000| Untracked 
|  31|0x00000000e1f00000, 0x00000000e2000000, 0x00000000e2000000|100%| O|  |TAMS 0x00000000e2000000, 0x00000000e1f00000| Untracked 
|  32|0x00000000e2000000, 0x00000000e2100000, 0x00000000e2100000|100%|HS|  |TAMS 0x00000000e2000000, 0x00000000e2000000| Complete 
|  33|0x00000000e2100000, 0x00000000e2200000, 0x00000000e2200000|100%| O|  |TAMS 0x00000000e2200000, 0x00000000e2100000| Untracked 
|  34|0x00000000e2200000, 0x00000000e2300000, 0x00000000e2300000|100%| O|  |TAMS 0x00000000e2300000, 0x00000000e2200000| Untracked 
|  35|0x00000000e2300000, 0x00000000e2400000, 0x00000000e2400000|100%| O|  |TAMS 0x00000000e2400000, 0x00000000e2300000| Untracked 
|  36|0x00000000e2400000, 0x00000000e2500000, 0x00000000e2500000|100%| O|  |TAMS 0x00000000e2500000, 0x00000000e2400000| Untracked 
|  37|0x00000000e2500000, 0x00000000e2600000, 0x00000000e2600000|100%| O|  |TAMS 0x00000000e2600000, 0x00000000e2500000| Untracked 
|  38|0x00000000e2600000, 0x00000000e2700000, 0x00000000e2700000|100%| O|  |TAMS 0x00000000e2700000, 0x00000000e2600000| Untracked 
|  39|0x00000000e2700000, 0x00000000e2800000, 0x00000000e2800000|100%|HS|  |TAMS 0x00000000e2700000, 0x00000000e2700000| Complete 
|  40|0x00000000e2800000, 0x00000000e2900000, 0x00000000e2900000|100%| O|  |TAMS 0x00000000e2900000, 0x00000000e2800000| Untracked 
|  41|0x00000000e2900000, 0x00000000e2a00000, 0x00000000e2a00000|100%| O|  |TAMS 0x00000000e2a00000, 0x00000000e2900000| Untracked 
|  42|0x00000000e2a00000, 0x00000000e2b00000, 0x00000000e2b00000|100%| O|  |TAMS 0x00000000e2b00000, 0x00000000e2a00000| Untracked 
|  43|0x00000000e2b00000, 0x00000000e2c00000, 0x00000000e2c00000|100%| O|  |TAMS 0x00000000e2c00000, 0x00000000e2b00000| Untracked 
|  44|0x00000000e2c00000, 0x00000000e2c00000, 0x00000000e2d00000|  0%| F|  |TAMS 0x00000000e2c00000, 0x00000000e2c00000| Untracked 
|  45|0x00000000e2d00000, 0x00000000e2e00000, 0x00000000e2e00000|100%| O|  |TAMS 0x00000000e2e00000, 0x00000000e2d00000| Untracked 
|  46|0x00000000e2e00000, 0x00000000e2f00000, 0x00000000e2f00000|100%| O|  |TAMS 0x00000000e2f00000, 0x00000000e2e00000| Untracked 
|  47|0x00000000e2f00000, 0x00000000e3000000, 0x00000000e3000000|100%| O|  |TAMS 0x00000000e3000000, 0x00000000e2f00000| Untracked 
|  48|0x00000000e3000000, 0x00000000e3100000, 0x00000000e3100000|100%| O|  |TAMS 0x00000000e3100000, 0x00000000e3000000| Untracked 
|  49|0x00000000e3100000, 0x00000000e3200000, 0x00000000e3200000|100%| O|  |TAMS 0x00000000e3200000, 0x00000000e3100000| Untracked 
|  50|0x00000000e3200000, 0x00000000e3300000, 0x00000000e3300000|100%|HS|  |TAMS 0x00000000e3200000, 0x00000000e3200000| Complete 
|  51|0x00000000e3300000, 0x00000000e3300000, 0x00000000e3400000|  0%| F|  |TAMS 0x00000000e3300000, 0x00000000e3300000| Untracked 
|  52|0x00000000e3400000, 0x00000000e3500000, 0x00000000e3500000|100%| O|  |TAMS 0x00000000e3500000, 0x00000000e3400000| Untracked 
|  53|0x00000000e3500000, 0x00000000e3500000, 0x00000000e3600000|  0%| F|  |TAMS 0x00000000e3500000, 0x00000000e3500000| Untracked 
|  54|0x00000000e3600000, 0x00000000e3700000, 0x00000000e3700000|100%| O|  |TAMS 0x00000000e3700000, 0x00000000e3600000| Untracked 
|  55|0x00000000e3700000, 0x00000000e3800000, 0x00000000e3800000|100%| O|  |TAMS 0x00000000e3800000, 0x00000000e3700000| Untracked 
|  56|0x00000000e3800000, 0x00000000e3900000, 0x00000000e3900000|100%| O|  |TAMS 0x00000000e3900000, 0x00000000e3800000| Untracked 
|  57|0x00000000e3900000, 0x00000000e3a00000, 0x00000000e3a00000|100%| O|  |TAMS 0x00000000e3a00000, 0x00000000e3900000| Untracked 
|  58|0x00000000e3a00000, 0x00000000e3b00000, 0x00000000e3b00000|100%| O|  |TAMS 0x00000000e3b00000, 0x00000000e3a00000| Untracked 
|  59|0x00000000e3b00000, 0x00000000e3c00000, 0x00000000e3c00000|100%| O|  |TAMS 0x00000000e3c00000, 0x00000000e3b00000| Untracked 
|  60|0x00000000e3c00000, 0x00000000e3d00000, 0x00000000e3d00000|100%| O|  |TAMS 0x00000000e3d00000, 0x00000000e3c00000| Untracked 
|  61|0x00000000e3d00000, 0x00000000e3e00000, 0x00000000e3e00000|100%|HS|  |TAMS 0x00000000e3d00000, 0x00000000e3d00000| Complete 
|  62|0x00000000e3e00000, 0x00000000e3f00000, 0x00000000e3f00000|100%| O|  |TAMS 0x00000000e3f00000, 0x00000000e3e00000| Untracked 
|  63|0x00000000e3f00000, 0x00000000e3f00000, 0x00000000e4000000|  0%| F|  |TAMS 0x00000000e3f00000, 0x00000000e3f00000| Untracked 
|  64|0x00000000e4000000, 0x00000000e4100000, 0x00000000e4100000|100%| O|  |TAMS 0x00000000e4100000, 0x00000000e4000000| Untracked 
|  65|0x00000000e4100000, 0x00000000e4200000, 0x00000000e4200000|100%| O|  |TAMS 0x00000000e4200000, 0x00000000e4100000| Untracked 
|  66|0x00000000e4200000, 0x00000000e4200000, 0x00000000e4300000|  0%| F|  |TAMS 0x00000000e4200000, 0x00000000e4200000| Untracked 
|  67|0x00000000e4300000, 0x00000000e4400000, 0x00000000e4400000|100%|HS|  |TAMS 0x00000000e4300000, 0x00000000e4300000| Complete 
|  68|0x00000000e4400000, 0x00000000e4500000, 0x00000000e4500000|100%|HC|  |TAMS 0x00000000e4400000, 0x00000000e4400000| Complete 
|  69|0x00000000e4500000, 0x00000000e4600000, 0x00000000e4600000|100%|HS|  |TAMS 0x00000000e4500000, 0x00000000e4500000| Complete 
|  70|0x00000000e4600000, 0x00000000e4700000, 0x00000000e4700000|100%| O|  |TAMS 0x00000000e4700000, 0x00000000e4600000| Untracked 
|  71|0x00000000e4700000, 0x00000000e4800000, 0x00000000e4800000|100%| O|  |TAMS 0x00000000e4800000, 0x00000000e4700000| Untracked 
|  72|0x00000000e4800000, 0x00000000e4900000, 0x00000000e4900000|100%|HS|  |TAMS 0x00000000e4800000, 0x00000000e4800000| Complete 
|  73|0x00000000e4900000, 0x00000000e4a00000, 0x00000000e4a00000|100%| O|  |TAMS 0x00000000e4a00000, 0x00000000e4900000| Untracked 
|  74|0x00000000e4a00000, 0x00000000e4a00000, 0x00000000e4b00000|  0%| F|  |TAMS 0x00000000e4a00000, 0x00000000e4a00000| Untracked 
|  75|0x00000000e4b00000, 0x00000000e4c00000, 0x00000000e4c00000|100%| O|  |TAMS 0x00000000e4c00000, 0x00000000e4b00000| Untracked 
|  76|0x00000000e4c00000, 0x00000000e4d00000, 0x00000000e4d00000|100%| O|  |TAMS 0x00000000e4d00000, 0x00000000e4c00000| Untracked 
|  77|0x00000000e4d00000, 0x00000000e4d00000, 0x00000000e4e00000|  0%| F|  |TAMS 0x00000000e4d00000, 0x00000000e4d00000| Untracked 
|  78|0x00000000e4e00000, 0x00000000e4e00000, 0x00000000e4f00000|  0%| F|  |TAMS 0x00000000e4e00000, 0x00000000e4e00000| Untracked 
|  79|0x00000000e4f00000, 0x00000000e4f00000, 0x00000000e5000000|  0%| F|  |TAMS 0x00000000e4f00000, 0x00000000e4f00000| Untracked 
|  80|0x00000000e5000000, 0x00000000e5000000, 0x00000000e5100000|  0%| F|  |TAMS 0x00000000e5000000, 0x00000000e5000000| Untracked 
|  81|0x00000000e5100000, 0x00000000e5200000, 0x00000000e5200000|100%| O|  |TAMS 0x00000000e5200000, 0x00000000e5100000| Untracked 
|  82|0x00000000e5200000, 0x00000000e5200000, 0x00000000e5300000|  0%| F|  |TAMS 0x00000000e5200000, 0x00000000e5200000| Untracked 
|  83|0x00000000e5300000, 0x00000000e5300000, 0x00000000e5400000|  0%| F|  |TAMS 0x00000000e5300000, 0x00000000e5300000| Untracked 
|  84|0x00000000e5400000, 0x00000000e5500000, 0x00000000e5500000|100%| O|  |TAMS 0x00000000e5500000, 0x00000000e5400000| Untracked 
|  85|0x00000000e5500000, 0x00000000e5500000, 0x00000000e5600000|  0%| F|  |TAMS 0x00000000e5500000, 0x00000000e5500000| Untracked 
|  86|0x00000000e5600000, 0x00000000e5700000, 0x00000000e5700000|100%| O|  |TAMS 0x00000000e5700000, 0x00000000e5600000| Untracked 
|  87|0x00000000e5700000, 0x00000000e5800000, 0x00000000e5800000|100%| O|  |TAMS 0x00000000e5800000, 0x00000000e5700000| Untracked 
|  88|0x00000000e5800000, 0x00000000e5900000, 0x00000000e5900000|100%| O|  |TAMS 0x00000000e5900000, 0x00000000e5800000| Untracked 
|  89|0x00000000e5900000, 0x00000000e5a00000, 0x00000000e5a00000|100%| O|  |TAMS 0x00000000e5a00000, 0x00000000e5900000| Untracked 
|  90|0x00000000e5a00000, 0x00000000e5a00000, 0x00000000e5b00000|  0%| F|  |TAMS 0x00000000e5a00000, 0x00000000e5a00000| Untracked 
|  91|0x00000000e5b00000, 0x00000000e5b00000, 0x00000000e5c00000|  0%| F|  |TAMS 0x00000000e5b00000, 0x00000000e5b00000| Untracked 
|  92|0x00000000e5c00000, 0x00000000e5c00000, 0x00000000e5d00000|  0%| F|  |TAMS 0x00000000e5c00000, 0x00000000e5c00000| Untracked 
|  93|0x00000000e5d00000, 0x00000000e5e00000, 0x00000000e5e00000|100%| O|  |TAMS 0x00000000e5e00000, 0x00000000e5d00000| Untracked 
|  94|0x00000000e5e00000, 0x00000000e5f00000, 0x00000000e5f00000|100%| O|  |TAMS 0x00000000e5f00000, 0x00000000e5e00000| Untracked 
|  95|0x00000000e5f00000, 0x00000000e6000000, 0x00000000e6000000|100%| O|  |TAMS 0x00000000e6000000, 0x00000000e5f00000| Untracked 
|  96|0x00000000e6000000, 0x00000000e6100000, 0x00000000e6100000|100%| O|  |TAMS 0x00000000e6100000, 0x00000000e6000000| Untracked 
|  97|0x00000000e6100000, 0x00000000e6100000, 0x00000000e6200000|  0%| F|  |TAMS 0x00000000e6100000, 0x00000000e6100000| Untracked 
|  98|0x00000000e6200000, 0x00000000e6200000, 0x00000000e6300000|  0%| F|  |TAMS 0x00000000e6200000, 0x00000000e6200000| Untracked 
|  99|0x00000000e6300000, 0x00000000e6300000, 0x00000000e6400000|  0%| F|  |TAMS 0x00000000e6300000, 0x00000000e6300000| Untracked 
| 100|0x00000000e6400000, 0x00000000e6500000, 0x00000000e6500000|100%|HS|  |TAMS 0x00000000e6400000, 0x00000000e6400000| Complete 
| 101|0x00000000e6500000, 0x00000000e6600000, 0x00000000e6600000|100%|HC|  |TAMS 0x00000000e6500000, 0x00000000e6500000| Complete 
| 102|0x00000000e6600000, 0x00000000e6600000, 0x00000000e6700000|  0%| F|  |TAMS 0x00000000e6600000, 0x00000000e6600000| Untracked 
| 103|0x00000000e6700000, 0x00000000e6700000, 0x00000000e6800000|  0%| F|  |TAMS 0x00000000e6700000, 0x00000000e6700000| Untracked 
| 104|0x00000000e6800000, 0x00000000e6900000, 0x00000000e6900000|100%| O|  |TAMS 0x00000000e6900000, 0x00000000e6800000| Untracked 
| 105|0x00000000e6900000, 0x00000000e6a00000, 0x00000000e6a00000|100%| O|  |TAMS 0x00000000e6a00000, 0x00000000e6900000| Untracked 
| 106|0x00000000e6a00000, 0x00000000e6b00000, 0x00000000e6b00000|100%| O|  |TAMS 0x00000000e6b00000, 0x00000000e6a00000| Untracked 
| 107|0x00000000e6b00000, 0x00000000e6c00000, 0x00000000e6c00000|100%| O|  |TAMS 0x00000000e6c00000, 0x00000000e6b00000| Untracked 
| 108|0x00000000e6c00000, 0x00000000e6d00000, 0x00000000e6d00000|100%| O|  |TAMS 0x00000000e6d00000, 0x00000000e6c00000| Untracked 
| 109|0x00000000e6d00000, 0x00000000e6e00000, 0x00000000e6e00000|100%| O|  |TAMS 0x00000000e6e00000, 0x00000000e6d00000| Untracked 
| 110|0x00000000e6e00000, 0x00000000e6f00000, 0x00000000e6f00000|100%| O|  |TAMS 0x00000000e6f00000, 0x00000000e6e00000| Untracked 
| 111|0x00000000e6f00000, 0x00000000e7000000, 0x00000000e7000000|100%| O|  |TAMS 0x00000000e7000000, 0x00000000e6f00000| Untracked 
| 112|0x00000000e7000000, 0x00000000e7100000, 0x00000000e7100000|100%| O|  |TAMS 0x00000000e7100000, 0x00000000e7000000| Untracked 
| 113|0x00000000e7100000, 0x00000000e7200000, 0x00000000e7200000|100%| O|  |TAMS 0x00000000e7200000, 0x00000000e7100000| Untracked 
| 114|0x00000000e7200000, 0x00000000e7200000, 0x00000000e7300000|  0%| F|  |TAMS 0x00000000e7200000, 0x00000000e7200000| Untracked 
| 115|0x00000000e7300000, 0x00000000e7300000, 0x00000000e7400000|  0%| F|  |TAMS 0x00000000e7300000, 0x00000000e7300000| Untracked 
| 116|0x00000000e7400000, 0x00000000e7500000, 0x00000000e7500000|100%| O|  |TAMS 0x00000000e7500000, 0x00000000e7400000| Untracked 
| 117|0x00000000e7500000, 0x00000000e7600000, 0x00000000e7600000|100%| O|  |TAMS 0x00000000e7600000, 0x00000000e7500000| Untracked 
| 118|0x00000000e7600000, 0x00000000e7700000, 0x00000000e7700000|100%| O|  |TAMS 0x00000000e7700000, 0x00000000e7600000| Untracked 
| 119|0x00000000e7700000, 0x00000000e7800000, 0x00000000e7800000|100%| O|  |TAMS 0x00000000e7800000, 0x00000000e7700000| Untracked 
| 120|0x00000000e7800000, 0x00000000e7900000, 0x00000000e7900000|100%| O|  |TAMS 0x00000000e7900000, 0x00000000e7800000| Untracked 
| 121|0x00000000e7900000, 0x00000000e7a00000, 0x00000000e7a00000|100%| O|  |TAMS 0x00000000e7a00000, 0x00000000e7900000| Untracked 
| 122|0x00000000e7a00000, 0x00000000e7b00000, 0x00000000e7b00000|100%| O|  |TAMS 0x00000000e7b00000, 0x00000000e7a00000| Untracked 
| 123|0x00000000e7b00000, 0x00000000e7c00000, 0x00000000e7c00000|100%| O|  |TAMS 0x00000000e7c00000, 0x00000000e7b00000| Untracked 
| 124|0x00000000e7c00000, 0x00000000e7d00000, 0x00000000e7d00000|100%| O|  |TAMS 0x00000000e7d00000, 0x00000000e7c00000| Untracked 
| 125|0x00000000e7d00000, 0x00000000e7d00000, 0x00000000e7e00000|  0%| F|  |TAMS 0x00000000e7d00000, 0x00000000e7d00000| Untracked 
| 126|0x00000000e7e00000, 0x00000000e7f00000, 0x00000000e7f00000|100%| O|  |TAMS 0x00000000e7f00000, 0x00000000e7e00000| Untracked 
| 127|0x00000000e7f00000, 0x00000000e8000000, 0x00000000e8000000|100%| O|  |TAMS 0x00000000e8000000, 0x00000000e7f00000| Untracked 
| 128|0x00000000e8000000, 0x00000000e8000000, 0x00000000e8100000|  0%| F|  |TAMS 0x00000000e8000000, 0x00000000e8000000| Untracked 
| 129|0x00000000e8100000, 0x00000000e8100000, 0x00000000e8200000|  0%| F|  |TAMS 0x00000000e8100000, 0x00000000e8100000| Untracked 
| 130|0x00000000e8200000, 0x00000000e8300000, 0x00000000e8300000|100%| O|  |TAMS 0x00000000e8300000, 0x00000000e8200000| Untracked 
| 131|0x00000000e8300000, 0x00000000e8300000, 0x00000000e8400000|  0%| F|  |TAMS 0x00000000e8300000, 0x00000000e8300000| Untracked 
| 132|0x00000000e8400000, 0x00000000e8400000, 0x00000000e8500000|  0%| F|  |TAMS 0x00000000e8400000, 0x00000000e8400000| Untracked 
| 133|0x00000000e8500000, 0x00000000e8500000, 0x00000000e8600000|  0%| F|  |TAMS 0x00000000e8500000, 0x00000000e8500000| Untracked 
| 134|0x00000000e8600000, 0x00000000e8700000, 0x00000000e8700000|100%| O|  |TAMS 0x00000000e8700000, 0x00000000e8600000| Untracked 
| 135|0x00000000e8700000, 0x00000000e8700000, 0x00000000e8800000|  0%| F|  |TAMS 0x00000000e8700000, 0x00000000e8700000| Untracked 
| 136|0x00000000e8800000, 0x00000000e8900000, 0x00000000e8900000|100%|HS|  |TAMS 0x00000000e8800000, 0x00000000e8800000| Complete 
| 137|0x00000000e8900000, 0x00000000e8a00000, 0x00000000e8a00000|100%|HC|  |TAMS 0x00000000e8900000, 0x00000000e8900000| Complete 
| 138|0x00000000e8a00000, 0x00000000e8b00000, 0x00000000e8b00000|100%| O|  |TAMS 0x00000000e8b00000, 0x00000000e8a00000| Untracked 
| 139|0x00000000e8b00000, 0x00000000e8c00000, 0x00000000e8c00000|100%| O|  |TAMS 0x00000000e8c00000, 0x00000000e8b00000| Untracked 
| 140|0x00000000e8c00000, 0x00000000e8d00000, 0x00000000e8d00000|100%|HS|  |TAMS 0x00000000e8c00000, 0x00000000e8c00000| Complete 
| 141|0x00000000e8d00000, 0x00000000e8e00000, 0x00000000e8e00000|100%|HC|  |TAMS 0x00000000e8d00000, 0x00000000e8d00000| Complete 
| 142|0x00000000e8e00000, 0x00000000e8f00000, 0x00000000e8f00000|100%|HC|  |TAMS 0x00000000e8e00000, 0x00000000e8e00000| Complete 
| 143|0x00000000e8f00000, 0x00000000e9000000, 0x00000000e9000000|100%|HC|  |TAMS 0x00000000e8f00000, 0x00000000e8f00000| Complete 
| 144|0x00000000e9000000, 0x00000000e9100000, 0x00000000e9100000|100%|HC|  |TAMS 0x00000000e9000000, 0x00000000e9000000| Complete 
| 145|0x00000000e9100000, 0x00000000e9200000, 0x00000000e9200000|100%|HC|  |TAMS 0x00000000e9100000, 0x00000000e9100000| Complete 
| 146|0x00000000e9200000, 0x00000000e9300000, 0x00000000e9300000|100%|HS|  |TAMS 0x00000000e9200000, 0x00000000e9200000| Complete 
| 147|0x00000000e9300000, 0x00000000e9400000, 0x00000000e9400000|100%|HC|  |TAMS 0x00000000e9300000, 0x00000000e9300000| Complete 
| 148|0x00000000e9400000, 0x00000000e9500000, 0x00000000e9500000|100%|HC|  |TAMS 0x00000000e9400000, 0x00000000e9400000| Complete 
| 149|0x00000000e9500000, 0x00000000e9600000, 0x00000000e9600000|100%|HS|  |TAMS 0x00000000e9500000, 0x00000000e9500000| Complete 
| 150|0x00000000e9600000, 0x00000000e9700000, 0x00000000e9700000|100%|HC|  |TAMS 0x00000000e9600000, 0x00000000e9600000| Complete 
| 151|0x00000000e9700000, 0x00000000e9800000, 0x00000000e9800000|100%|HC|  |TAMS 0x00000000e9700000, 0x00000000e9700000| Complete 
| 152|0x00000000e9800000, 0x00000000e9900000, 0x00000000e9900000|100%|HC|  |TAMS 0x00000000e9800000, 0x00000000e9800000| Complete 
| 153|0x00000000e9900000, 0x00000000e9a00000, 0x00000000e9a00000|100%|HC|  |TAMS 0x00000000e9900000, 0x00000000e9900000| Complete 
| 154|0x00000000e9a00000, 0x00000000e9b00000, 0x00000000e9b00000|100%|HC|  |TAMS 0x00000000e9a00000, 0x00000000e9a00000| Complete 
| 155|0x00000000e9b00000, 0x00000000e9c00000, 0x00000000e9c00000|100%|HS|  |TAMS 0x00000000e9b00000, 0x00000000e9b00000| Complete 
| 156|0x00000000e9c00000, 0x00000000e9d00000, 0x00000000e9d00000|100%|HC|  |TAMS 0x00000000e9c00000, 0x00000000e9c00000| Complete 
| 157|0x00000000e9d00000, 0x00000000e9e00000, 0x00000000e9e00000|100%|HC|  |TAMS 0x00000000e9d00000, 0x00000000e9d00000| Complete 
| 158|0x00000000e9e00000, 0x00000000e9f00000, 0x00000000e9f00000|100%|HS|  |TAMS 0x00000000e9e00000, 0x00000000e9e00000| Complete 
| 159|0x00000000e9f00000, 0x00000000ea000000, 0x00000000ea000000|100%|HC|  |TAMS 0x00000000e9f00000, 0x00000000e9f00000| Complete 
| 160|0x00000000ea000000, 0x00000000ea100000, 0x00000000ea100000|100%|HC|  |TAMS 0x00000000ea000000, 0x00000000ea000000| Complete 
| 161|0x00000000ea100000, 0x00000000ea200000, 0x00000000ea200000|100%|HC|  |TAMS 0x00000000ea100000, 0x00000000ea100000| Complete 
| 162|0x00000000ea200000, 0x00000000ea300000, 0x00000000ea300000|100%|HC|  |TAMS 0x00000000ea200000, 0x00000000ea200000| Complete 
| 163|0x00000000ea300000, 0x00000000ea400000, 0x00000000ea400000|100%|HC|  |TAMS 0x00000000ea300000, 0x00000000ea300000| Complete 
| 164|0x00000000ea400000, 0x00000000ea500000, 0x00000000ea500000|100%|HS|  |TAMS 0x00000000ea400000, 0x00000000ea400000| Complete 
| 165|0x00000000ea500000, 0x00000000ea600000, 0x00000000ea600000|100%|HC|  |TAMS 0x00000000ea500000, 0x00000000ea500000| Complete 
| 166|0x00000000ea600000, 0x00000000ea700000, 0x00000000ea700000|100%|HC|  |TAMS 0x00000000ea600000, 0x00000000ea600000| Complete 
| 167|0x00000000ea700000, 0x00000000ea800000, 0x00000000ea800000|100%|HC|  |TAMS 0x00000000ea700000, 0x00000000ea700000| Complete 
| 168|0x00000000ea800000, 0x00000000ea900000, 0x00000000ea900000|100%|HC|  |TAMS 0x00000000ea800000, 0x00000000ea800000| Complete 
| 169|0x00000000ea900000, 0x00000000eaa00000, 0x00000000eaa00000|100%|HC|  |TAMS 0x00000000ea900000, 0x00000000ea900000| Complete 
| 170|0x00000000eaa00000, 0x00000000eaa00000, 0x00000000eab00000|  0%| F|  |TAMS 0x00000000eaa00000, 0x00000000eaa00000| Untracked 
| 171|0x00000000eab00000, 0x00000000eab00000, 0x00000000eac00000|  0%| F|  |TAMS 0x00000000eab00000, 0x00000000eab00000| Untracked 
| 172|0x00000000eac00000, 0x00000000eac00000, 0x00000000ead00000|  0%| F|  |TAMS 0x00000000eac00000, 0x00000000eac00000| Untracked 
| 173|0x00000000ead00000, 0x00000000ead00000, 0x00000000eae00000|  0%| F|  |TAMS 0x00000000ead00000, 0x00000000ead00000| Untracked 
| 174|0x00000000eae00000, 0x00000000eae00000, 0x00000000eaf00000|  0%| F|  |TAMS 0x00000000eae00000, 0x00000000eae00000| Untracked 
| 175|0x00000000eaf00000, 0x00000000eaf00000, 0x00000000eb000000|  0%| F|  |TAMS 0x00000000eaf00000, 0x00000000eaf00000| Untracked 
| 176|0x00000000eb000000, 0x00000000eb000000, 0x00000000eb100000|  0%| F|  |TAMS 0x00000000eb000000, 0x00000000eb000000| Untracked 
| 177|0x00000000eb100000, 0x00000000eb100000, 0x00000000eb200000|  0%| F|  |TAMS 0x00000000eb100000, 0x00000000eb100000| Untracked 
| 178|0x00000000eb200000, 0x00000000eb200000, 0x00000000eb300000|  0%| F|  |TAMS 0x00000000eb200000, 0x00000000eb200000| Untracked 
| 179|0x00000000eb300000, 0x00000000eb300000, 0x00000000eb400000|  0%| F|  |TAMS 0x00000000eb300000, 0x00000000eb300000| Untracked 
| 180|0x00000000eb400000, 0x00000000eb500000, 0x00000000eb500000|100%| O|  |TAMS 0x00000000eb400000, 0x00000000eb400000| Untracked 
| 181|0x00000000eb500000, 0x00000000eb600000, 0x00000000eb600000|100%| O|  |TAMS 0x00000000eb500000, 0x00000000eb500000| Untracked 
| 182|0x00000000eb600000, 0x00000000eb700000, 0x00000000eb700000|100%| O|  |TAMS 0x00000000eb600000, 0x00000000eb600000| Untracked 
| 183|0x00000000eb700000, 0x00000000eb800000, 0x00000000eb800000|100%| O|  |TAMS 0x00000000eb700000, 0x00000000eb700000| Untracked 
| 184|0x00000000eb800000, 0x00000000eb900000, 0x00000000eb900000|100%| O|  |TAMS 0x00000000eb800000, 0x00000000eb800000| Untracked 
| 185|0x00000000eb900000, 0x00000000eba00000, 0x00000000eba00000|100%| O|  |TAMS 0x00000000eb900000, 0x00000000eb900000| Untracked 
| 186|0x00000000eba00000, 0x00000000ebb00000, 0x00000000ebb00000|100%| O|  |TAMS 0x00000000eba00000, 0x00000000eba00000| Untracked 
| 187|0x00000000ebb00000, 0x00000000ebc00000, 0x00000000ebc00000|100%| O|  |TAMS 0x00000000ebb00000, 0x00000000ebb00000| Untracked 
| 188|0x00000000ebc00000, 0x00000000ebd00000, 0x00000000ebd00000|100%| O|  |TAMS 0x00000000ebc00000, 0x00000000ebc00000| Untracked 
| 189|0x00000000ebd00000, 0x00000000ebe00000, 0x00000000ebe00000|100%| O|  |TAMS 0x00000000ebd00000, 0x00000000ebd00000| Untracked 
| 190|0x00000000ebe00000, 0x00000000ebf00000, 0x00000000ebf00000|100%| O|  |TAMS 0x00000000ebe00000, 0x00000000ebe00000| Untracked 
| 191|0x00000000ebf00000, 0x00000000ec000000, 0x00000000ec000000|100%| O|  |TAMS 0x00000000ebf00000, 0x00000000ebf00000| Untracked 
| 192|0x00000000ec000000, 0x00000000ec100000, 0x00000000ec100000|100%| O|  |TAMS 0x00000000ec000000, 0x00000000ec000000| Untracked 
| 193|0x00000000ec100000, 0x00000000ec200000, 0x00000000ec200000|100%| O|  |TAMS 0x00000000ec100000, 0x00000000ec100000| Untracked 
| 194|0x00000000ec200000, 0x00000000ec300000, 0x00000000ec300000|100%| O|  |TAMS 0x00000000ec200000, 0x00000000ec200000| Untracked 
| 195|0x00000000ec300000, 0x00000000ec400000, 0x00000000ec400000|100%| O|  |TAMS 0x00000000ec300000, 0x00000000ec300000| Untracked 
| 196|0x00000000ec400000, 0x00000000ec500000, 0x00000000ec500000|100%| O|  |TAMS 0x00000000ec400000, 0x00000000ec400000| Untracked 
| 197|0x00000000ec500000, 0x00000000ec600000, 0x00000000ec600000|100%| O|  |TAMS 0x00000000ec500000, 0x00000000ec500000| Untracked 
| 198|0x00000000ec600000, 0x00000000ec700000, 0x00000000ec700000|100%| O|  |TAMS 0x00000000ec600000, 0x00000000ec600000| Untracked 
| 199|0x00000000ec700000, 0x00000000ec800000, 0x00000000ec800000|100%| O|  |TAMS 0x00000000ec700000, 0x00000000ec700000| Untracked 
| 200|0x00000000ec800000, 0x00000000ec900000, 0x00000000ec900000|100%| O|  |TAMS 0x00000000ec800000, 0x00000000ec800000| Untracked 
| 201|0x00000000ec900000, 0x00000000eca00000, 0x00000000eca00000|100%| O|  |TAMS 0x00000000ec900000, 0x00000000ec900000| Untracked 
| 202|0x00000000eca00000, 0x00000000ecb00000, 0x00000000ecb00000|100%| O|  |TAMS 0x00000000eca00000, 0x00000000eca00000| Untracked 
| 203|0x00000000ecb00000, 0x00000000ecb5e800, 0x00000000ecc00000| 36%| O|  |TAMS 0x00000000ecb00000, 0x00000000ecb00000| Untracked 
| 204|0x00000000ecc00000, 0x00000000ecc00000, 0x00000000ecd00000|  0%| F|  |TAMS 0x00000000ecc00000, 0x00000000ecc00000| Untracked 
| 205|0x00000000ecd00000, 0x00000000ecd00000, 0x00000000ece00000|  0%| F|  |TAMS 0x00000000ecd00000, 0x00000000ecd00000| Untracked 
| 206|0x00000000ece00000, 0x00000000ece00000, 0x00000000ecf00000|  0%| F|  |TAMS 0x00000000ece00000, 0x00000000ece00000| Untracked 
| 207|0x00000000ecf00000, 0x00000000ecf00000, 0x00000000ed000000|  0%| F|  |TAMS 0x00000000ecf00000, 0x00000000ecf00000| Untracked 
| 208|0x00000000ed000000, 0x00000000ed000000, 0x00000000ed100000|  0%| F|  |TAMS 0x00000000ed000000, 0x00000000ed000000| Untracked 
| 209|0x00000000ed100000, 0x00000000ed100000, 0x00000000ed200000|  0%| F|  |TAMS 0x00000000ed100000, 0x00000000ed100000| Untracked 
| 210|0x00000000ed200000, 0x00000000ed200000, 0x00000000ed300000|  0%| F|  |TAMS 0x00000000ed200000, 0x00000000ed200000| Untracked 
| 211|0x00000000ed300000, 0x00000000ed300000, 0x00000000ed400000|  0%| F|  |TAMS 0x00000000ed300000, 0x00000000ed300000| Untracked 
| 212|0x00000000ed400000, 0x00000000ed400000, 0x00000000ed500000|  0%| F|  |TAMS 0x00000000ed400000, 0x00000000ed400000| Untracked 
| 213|0x00000000ed500000, 0x00000000ed500000, 0x00000000ed600000|  0%| F|  |TAMS 0x00000000ed500000, 0x00000000ed500000| Untracked 
| 214|0x00000000ed600000, 0x00000000ed600000, 0x00000000ed700000|  0%| F|  |TAMS 0x00000000ed600000, 0x00000000ed600000| Untracked 
| 215|0x00000000ed700000, 0x00000000ed700000, 0x00000000ed800000|  0%| F|  |TAMS 0x00000000ed700000, 0x00000000ed700000| Untracked 
| 216|0x00000000ed800000, 0x00000000ed800000, 0x00000000ed900000|  0%| F|  |TAMS 0x00000000ed800000, 0x00000000ed800000| Untracked 
| 217|0x00000000ed900000, 0x00000000ed900000, 0x00000000eda00000|  0%| F|  |TAMS 0x00000000ed900000, 0x00000000ed900000| Untracked 
| 218|0x00000000eda00000, 0x00000000eda00000, 0x00000000edb00000|  0%| F|  |TAMS 0x00000000eda00000, 0x00000000eda00000| Untracked 
| 219|0x00000000edb00000, 0x00000000edb00000, 0x00000000edc00000|  0%| F|  |TAMS 0x00000000edb00000, 0x00000000edb00000| Untracked 
| 220|0x00000000edc00000, 0x00000000edc00000, 0x00000000edd00000|  0%| F|  |TAMS 0x00000000edc00000, 0x00000000edc00000| Untracked 
| 221|0x00000000edd00000, 0x00000000edd00000, 0x00000000ede00000|  0%| F|  |TAMS 0x00000000edd00000, 0x00000000edd00000| Untracked 
| 222|0x00000000ede00000, 0x00000000ede00000, 0x00000000edf00000|  0%| F|  |TAMS 0x00000000ede00000, 0x00000000ede00000| Untracked 
| 223|0x00000000edf00000, 0x00000000edf00000, 0x00000000ee000000|  0%| F|  |TAMS 0x00000000edf00000, 0x00000000edf00000| Untracked 
| 224|0x00000000ee000000, 0x00000000ee000000, 0x00000000ee100000|  0%| F|  |TAMS 0x00000000ee000000, 0x00000000ee000000| Untracked 
| 225|0x00000000ee100000, 0x00000000ee100000, 0x00000000ee200000|  0%| F|  |TAMS 0x00000000ee100000, 0x00000000ee100000| Untracked 
| 226|0x00000000ee200000, 0x00000000ee200000, 0x00000000ee300000|  0%| F|  |TAMS 0x00000000ee200000, 0x00000000ee200000| Untracked 
| 227|0x00000000ee300000, 0x00000000ee300000, 0x00000000ee400000|  0%| F|  |TAMS 0x00000000ee300000, 0x00000000ee300000| Untracked 
| 228|0x00000000ee400000, 0x00000000ee400000, 0x00000000ee500000|  0%| F|  |TAMS 0x00000000ee400000, 0x00000000ee400000| Untracked 
| 229|0x00000000ee500000, 0x00000000ee500000, 0x00000000ee600000|  0%| F|  |TAMS 0x00000000ee500000, 0x00000000ee500000| Untracked 
| 230|0x00000000ee600000, 0x00000000ee600000, 0x00000000ee700000|  0%| F|  |TAMS 0x00000000ee600000, 0x00000000ee600000| Untracked 
| 231|0x00000000ee700000, 0x00000000ee700000, 0x00000000ee800000|  0%| F|  |TAMS 0x00000000ee700000, 0x00000000ee700000| Untracked 
| 232|0x00000000ee800000, 0x00000000ee800000, 0x00000000ee900000|  0%| F|  |TAMS 0x00000000ee800000, 0x00000000ee800000| Untracked 
| 233|0x00000000ee900000, 0x00000000ee900000, 0x00000000eea00000|  0%| F|  |TAMS 0x00000000ee900000, 0x00000000ee900000| Untracked 
| 234|0x00000000eea00000, 0x00000000eea00000, 0x00000000eeb00000|  0%| F|  |TAMS 0x00000000eea00000, 0x00000000eea00000| Untracked 
| 235|0x00000000eeb00000, 0x00000000eeb00000, 0x00000000eec00000|  0%| F|  |TAMS 0x00000000eeb00000, 0x00000000eeb00000| Untracked 
| 236|0x00000000eec00000, 0x00000000eec00000, 0x00000000eed00000|  0%| F|  |TAMS 0x00000000eec00000, 0x00000000eec00000| Untracked 
| 237|0x00000000eed00000, 0x00000000eed00000, 0x00000000eee00000|  0%| F|  |TAMS 0x00000000eed00000, 0x00000000eed00000| Untracked 
| 238|0x00000000eee00000, 0x00000000eee00000, 0x00000000eef00000|  0%| F|  |TAMS 0x00000000eee00000, 0x00000000eee00000| Untracked 
| 239|0x00000000eef00000, 0x00000000eef00000, 0x00000000ef000000|  0%| F|  |TAMS 0x00000000eef00000, 0x00000000eef00000| Untracked 
| 240|0x00000000ef000000, 0x00000000ef000000, 0x00000000ef100000|  0%| F|  |TAMS 0x00000000ef000000, 0x00000000ef000000| Untracked 
| 241|0x00000000ef100000, 0x00000000ef100000, 0x00000000ef200000|  0%| F|  |TAMS 0x00000000ef100000, 0x00000000ef100000| Untracked 
| 242|0x00000000ef200000, 0x00000000ef200000, 0x00000000ef300000|  0%| F|  |TAMS 0x00000000ef200000, 0x00000000ef200000| Untracked 
| 243|0x00000000ef300000, 0x00000000ef300000, 0x00000000ef400000|  0%| F|  |TAMS 0x00000000ef300000, 0x00000000ef300000| Untracked 
| 244|0x00000000ef400000, 0x00000000ef400000, 0x00000000ef500000|  0%| F|  |TAMS 0x00000000ef400000, 0x00000000ef400000| Untracked 
| 245|0x00000000ef500000, 0x00000000ef500000, 0x00000000ef600000|  0%| F|  |TAMS 0x00000000ef500000, 0x00000000ef500000| Untracked 
| 246|0x00000000ef600000, 0x00000000ef600000, 0x00000000ef700000|  0%| F|  |TAMS 0x00000000ef600000, 0x00000000ef600000| Untracked 
| 247|0x00000000ef700000, 0x00000000ef700000, 0x00000000ef800000|  0%| F|  |TAMS 0x00000000ef700000, 0x00000000ef700000| Untracked 
| 248|0x00000000ef800000, 0x00000000ef800000, 0x00000000ef900000|  0%| F|  |TAMS 0x00000000ef800000, 0x00000000ef800000| Untracked 
| 249|0x00000000ef900000, 0x00000000ef900000, 0x00000000efa00000|  0%| F|  |TAMS 0x00000000ef900000, 0x00000000ef900000| Untracked 
| 250|0x00000000efa00000, 0x00000000efa00000, 0x00000000efb00000|  0%| F|  |TAMS 0x00000000efa00000, 0x00000000efa00000| Untracked 
| 251|0x00000000efb00000, 0x00000000efb00000, 0x00000000efc00000|  0%| F|  |TAMS 0x00000000efb00000, 0x00000000efb00000| Untracked 
| 252|0x00000000efc00000, 0x00000000efc00000, 0x00000000efd00000|  0%| F|  |TAMS 0x00000000efc00000, 0x00000000efc00000| Untracked 
| 253|0x00000000efd00000, 0x00000000efd00000, 0x00000000efe00000|  0%| F|  |TAMS 0x00000000efd00000, 0x00000000efd00000| Untracked 
| 254|0x00000000efe00000, 0x00000000efe00000, 0x00000000eff00000|  0%| F|  |TAMS 0x00000000efe00000, 0x00000000efe00000| Untracked 
| 255|0x00000000eff00000, 0x00000000eff00000, 0x00000000f0000000|  0%| F|  |TAMS 0x00000000eff00000, 0x00000000eff00000| Untracked 
| 256|0x00000000f0000000, 0x00000000f0000000, 0x00000000f0100000|  0%| F|  |TAMS 0x00000000f0000000, 0x00000000f0000000| Untracked 
| 257|0x00000000f0100000, 0x00000000f0100000, 0x00000000f0200000|  0%| F|  |TAMS 0x00000000f0100000, 0x00000000f0100000| Untracked 
| 258|0x00000000f0200000, 0x00000000f0200000, 0x00000000f0300000|  0%| F|  |TAMS 0x00000000f0200000, 0x00000000f0200000| Untracked 
| 259|0x00000000f0300000, 0x00000000f0300000, 0x00000000f0400000|  0%| F|  |TAMS 0x00000000f0300000, 0x00000000f0300000| Untracked 
| 260|0x00000000f0400000, 0x00000000f0400000, 0x00000000f0500000|  0%| F|  |TAMS 0x00000000f0400000, 0x00000000f0400000| Untracked 
| 261|0x00000000f0500000, 0x00000000f0500000, 0x00000000f0600000|  0%| F|  |TAMS 0x00000000f0500000, 0x00000000f0500000| Untracked 
| 262|0x00000000f0600000, 0x00000000f0600000, 0x00000000f0700000|  0%| F|  |TAMS 0x00000000f0600000, 0x00000000f0600000| Untracked 
| 263|0x00000000f0700000, 0x00000000f0700000, 0x00000000f0800000|  0%| F|  |TAMS 0x00000000f0700000, 0x00000000f0700000| Untracked 
| 264|0x00000000f0800000, 0x00000000f0800000, 0x00000000f0900000|  0%| F|  |TAMS 0x00000000f0800000, 0x00000000f0800000| Untracked 
| 265|0x00000000f0900000, 0x00000000f0900000, 0x00000000f0a00000|  0%| F|  |TAMS 0x00000000f0900000, 0x00000000f0900000| Untracked 
| 266|0x00000000f0a00000, 0x00000000f0a00000, 0x00000000f0b00000|  0%| F|  |TAMS 0x00000000f0a00000, 0x00000000f0a00000| Untracked 
| 267|0x00000000f0b00000, 0x00000000f0b00000, 0x00000000f0c00000|  0%| F|  |TAMS 0x00000000f0b00000, 0x00000000f0b00000| Untracked 
| 268|0x00000000f0c00000, 0x00000000f0c00000, 0x00000000f0d00000|  0%| F|  |TAMS 0x00000000f0c00000, 0x00000000f0c00000| Untracked 
| 269|0x00000000f0d00000, 0x00000000f0d00000, 0x00000000f0e00000|  0%| F|  |TAMS 0x00000000f0d00000, 0x00000000f0d00000| Untracked 
| 270|0x00000000f0e00000, 0x00000000f0e00000, 0x00000000f0f00000|  0%| F|  |TAMS 0x00000000f0e00000, 0x00000000f0e00000| Untracked 
| 271|0x00000000f0f00000, 0x00000000f0f00000, 0x00000000f1000000|  0%| F|  |TAMS 0x00000000f0f00000, 0x00000000f0f00000| Untracked 
| 272|0x00000000f1000000, 0x00000000f1000000, 0x00000000f1100000|  0%| F|  |TAMS 0x00000000f1000000, 0x00000000f1000000| Untracked 
| 273|0x00000000f1100000, 0x00000000f1100000, 0x00000000f1200000|  0%| F|  |TAMS 0x00000000f1100000, 0x00000000f1100000| Untracked 
| 274|0x00000000f1200000, 0x00000000f1200000, 0x00000000f1300000|  0%| F|  |TAMS 0x00000000f1200000, 0x00000000f1200000| Untracked 
| 275|0x00000000f1300000, 0x00000000f1300000, 0x00000000f1400000|  0%| F|  |TAMS 0x00000000f1300000, 0x00000000f1300000| Untracked 
| 276|0x00000000f1400000, 0x00000000f1400000, 0x00000000f1500000|  0%| F|  |TAMS 0x00000000f1400000, 0x00000000f1400000| Untracked 
| 277|0x00000000f1500000, 0x00000000f1500000, 0x00000000f1600000|  0%| F|  |TAMS 0x00000000f1500000, 0x00000000f1500000| Untracked 
| 278|0x00000000f1600000, 0x00000000f1600000, 0x00000000f1700000|  0%| F|  |TAMS 0x00000000f1600000, 0x00000000f1600000| Untracked 
| 279|0x00000000f1700000, 0x00000000f1700000, 0x00000000f1800000|  0%| F|  |TAMS 0x00000000f1700000, 0x00000000f1700000| Untracked 
| 280|0x00000000f1800000, 0x00000000f1800000, 0x00000000f1900000|  0%| F|  |TAMS 0x00000000f1800000, 0x00000000f1800000| Untracked 
| 281|0x00000000f1900000, 0x00000000f1900000, 0x00000000f1a00000|  0%| F|  |TAMS 0x00000000f1900000, 0x00000000f1900000| Untracked 
| 282|0x00000000f1a00000, 0x00000000f1a00000, 0x00000000f1b00000|  0%| F|  |TAMS 0x00000000f1a00000, 0x00000000f1a00000| Untracked 
| 283|0x00000000f1b00000, 0x00000000f1b00000, 0x00000000f1c00000|  0%| F|  |TAMS 0x00000000f1b00000, 0x00000000f1b00000| Untracked 
| 284|0x00000000f1c00000, 0x00000000f1c00000, 0x00000000f1d00000|  0%| F|  |TAMS 0x00000000f1c00000, 0x00000000f1c00000| Untracked 
| 285|0x00000000f1d00000, 0x00000000f1d00000, 0x00000000f1e00000|  0%| F|  |TAMS 0x00000000f1d00000, 0x00000000f1d00000| Untracked 
| 286|0x00000000f1e00000, 0x00000000f1e00000, 0x00000000f1f00000|  0%| F|  |TAMS 0x00000000f1e00000, 0x00000000f1e00000| Untracked 
| 287|0x00000000f1f00000, 0x00000000f1f00000, 0x00000000f2000000|  0%| F|  |TAMS 0x00000000f1f00000, 0x00000000f1f00000| Untracked 
| 288|0x00000000f2000000, 0x00000000f2000000, 0x00000000f2100000|  0%| F|  |TAMS 0x00000000f2000000, 0x00000000f2000000| Untracked 
| 289|0x00000000f2100000, 0x00000000f2100000, 0x00000000f2200000|  0%| F|  |TAMS 0x00000000f2100000, 0x00000000f2100000| Untracked 
| 290|0x00000000f2200000, 0x00000000f2200000, 0x00000000f2300000|  0%| F|  |TAMS 0x00000000f2200000, 0x00000000f2200000| Untracked 
| 291|0x00000000f2300000, 0x00000000f2300000, 0x00000000f2400000|  0%| F|  |TAMS 0x00000000f2300000, 0x00000000f2300000| Untracked 
| 292|0x00000000f2400000, 0x00000000f2400000, 0x00000000f2500000|  0%| F|  |TAMS 0x00000000f2400000, 0x00000000f2400000| Untracked 
| 293|0x00000000f2500000, 0x00000000f2500000, 0x00000000f2600000|  0%| F|  |TAMS 0x00000000f2500000, 0x00000000f2500000| Untracked 
| 294|0x00000000f2600000, 0x00000000f2600000, 0x00000000f2700000|  0%| F|  |TAMS 0x00000000f2600000, 0x00000000f2600000| Untracked 
| 295|0x00000000f2700000, 0x00000000f2700000, 0x00000000f2800000|  0%| F|  |TAMS 0x00000000f2700000, 0x00000000f2700000| Untracked 
| 296|0x00000000f2800000, 0x00000000f2800000, 0x00000000f2900000|  0%| F|  |TAMS 0x00000000f2800000, 0x00000000f2800000| Untracked 
| 297|0x00000000f2900000, 0x00000000f2900000, 0x00000000f2a00000|  0%| F|  |TAMS 0x00000000f2900000, 0x00000000f2900000| Untracked 
| 298|0x00000000f2a00000, 0x00000000f2a00000, 0x00000000f2b00000|  0%| F|  |TAMS 0x00000000f2a00000, 0x00000000f2a00000| Untracked 
| 299|0x00000000f2b00000, 0x00000000f2b00000, 0x00000000f2c00000|  0%| F|  |TAMS 0x00000000f2b00000, 0x00000000f2b00000| Untracked 
| 300|0x00000000f2c00000, 0x00000000f2c00000, 0x00000000f2d00000|  0%| F|  |TAMS 0x00000000f2c00000, 0x00000000f2c00000| Untracked 
| 301|0x00000000f2d00000, 0x00000000f2d00000, 0x00000000f2e00000|  0%| F|  |TAMS 0x00000000f2d00000, 0x00000000f2d00000| Untracked 
| 302|0x00000000f2e00000, 0x00000000f2e00000, 0x00000000f2f00000|  0%| F|  |TAMS 0x00000000f2e00000, 0x00000000f2e00000| Untracked 
| 303|0x00000000f2f00000, 0x00000000f2f00000, 0x00000000f3000000|  0%| F|  |TAMS 0x00000000f2f00000, 0x00000000f2f00000| Untracked 
| 304|0x00000000f3000000, 0x00000000f3000000, 0x00000000f3100000|  0%| F|  |TAMS 0x00000000f3000000, 0x00000000f3000000| Untracked 
| 305|0x00000000f3100000, 0x00000000f3100000, 0x00000000f3200000|  0%| F|  |TAMS 0x00000000f3100000, 0x00000000f3100000| Untracked 
| 306|0x00000000f3200000, 0x00000000f3200000, 0x00000000f3300000|  0%| F|  |TAMS 0x00000000f3200000, 0x00000000f3200000| Untracked 
| 307|0x00000000f3300000, 0x00000000f3300000, 0x00000000f3400000|  0%| F|  |TAMS 0x00000000f3300000, 0x00000000f3300000| Untracked 
| 308|0x00000000f3400000, 0x00000000f3400000, 0x00000000f3500000|  0%| F|  |TAMS 0x00000000f3400000, 0x00000000f3400000| Untracked 
| 309|0x00000000f3500000, 0x00000000f3500000, 0x00000000f3600000|  0%| F|  |TAMS 0x00000000f3500000, 0x00000000f3500000| Untracked 
| 310|0x00000000f3600000, 0x00000000f3600000, 0x00000000f3700000|  0%| F|  |TAMS 0x00000000f3600000, 0x00000000f3600000| Untracked 
| 311|0x00000000f3700000, 0x00000000f3700000, 0x00000000f3800000|  0%| F|  |TAMS 0x00000000f3700000, 0x00000000f3700000| Untracked 
| 312|0x00000000f3800000, 0x00000000f3800000, 0x00000000f3900000|  0%| F|  |TAMS 0x00000000f3800000, 0x00000000f3800000| Untracked 
| 313|0x00000000f3900000, 0x00000000f3900000, 0x00000000f3a00000|  0%| F|  |TAMS 0x00000000f3900000, 0x00000000f3900000| Untracked 
| 314|0x00000000f3a00000, 0x00000000f3a00000, 0x00000000f3b00000|  0%| F|  |TAMS 0x00000000f3a00000, 0x00000000f3a00000| Untracked 
| 315|0x00000000f3b00000, 0x00000000f3b00000, 0x00000000f3c00000|  0%| F|  |TAMS 0x00000000f3b00000, 0x00000000f3b00000| Untracked 
| 316|0x00000000f3c00000, 0x00000000f3c00000, 0x00000000f3d00000|  0%| F|  |TAMS 0x00000000f3c00000, 0x00000000f3c00000| Untracked 
| 317|0x00000000f3d00000, 0x00000000f3d00000, 0x00000000f3e00000|  0%| F|  |TAMS 0x00000000f3d00000, 0x00000000f3d00000| Untracked 
| 318|0x00000000f3e00000, 0x00000000f3e00000, 0x00000000f3f00000|  0%| F|  |TAMS 0x00000000f3e00000, 0x00000000f3e00000| Untracked 
| 319|0x00000000f3f00000, 0x00000000f3f00000, 0x00000000f4000000|  0%| F|  |TAMS 0x00000000f3f00000, 0x00000000f3f00000| Untracked 
| 320|0x00000000f4000000, 0x00000000f4000000, 0x00000000f4100000|  0%| F|  |TAMS 0x00000000f4000000, 0x00000000f4000000| Untracked 
| 321|0x00000000f4100000, 0x00000000f4100000, 0x00000000f4200000|  0%| F|  |TAMS 0x00000000f4100000, 0x00000000f4100000| Untracked 
| 322|0x00000000f4200000, 0x00000000f4200000, 0x00000000f4300000|  0%| F|  |TAMS 0x00000000f4200000, 0x00000000f4200000| Untracked 
| 323|0x00000000f4300000, 0x00000000f4300000, 0x00000000f4400000|  0%| F|  |TAMS 0x00000000f4300000, 0x00000000f4300000| Untracked 
| 324|0x00000000f4400000, 0x00000000f4400000, 0x00000000f4500000|  0%| F|  |TAMS 0x00000000f4400000, 0x00000000f4400000| Untracked 
| 325|0x00000000f4500000, 0x00000000f4500000, 0x00000000f4600000|  0%| F|  |TAMS 0x00000000f4500000, 0x00000000f4500000| Untracked 
| 326|0x00000000f4600000, 0x00000000f4600000, 0x00000000f4700000|  0%| F|  |TAMS 0x00000000f4600000, 0x00000000f4600000| Untracked 
| 327|0x00000000f4700000, 0x00000000f4700000, 0x00000000f4800000|  0%| F|  |TAMS 0x00000000f4700000, 0x00000000f4700000| Untracked 
| 328|0x00000000f4800000, 0x00000000f4800000, 0x00000000f4900000|  0%| F|  |TAMS 0x00000000f4800000, 0x00000000f4800000| Untracked 
| 329|0x00000000f4900000, 0x00000000f4900000, 0x00000000f4a00000|  0%| F|  |TAMS 0x00000000f4900000, 0x00000000f4900000| Untracked 
| 330|0x00000000f4a00000, 0x00000000f4a00000, 0x00000000f4b00000|  0%| F|  |TAMS 0x00000000f4a00000, 0x00000000f4a00000| Untracked 
| 331|0x00000000f4b00000, 0x00000000f4b00000, 0x00000000f4c00000|  0%| F|  |TAMS 0x00000000f4b00000, 0x00000000f4b00000| Untracked 
| 332|0x00000000f4c00000, 0x00000000f4c00000, 0x00000000f4d00000|  0%| F|  |TAMS 0x00000000f4c00000, 0x00000000f4c00000| Untracked 
| 333|0x00000000f4d00000, 0x00000000f4d00000, 0x00000000f4e00000|  0%| F|  |TAMS 0x00000000f4d00000, 0x00000000f4d00000| Untracked 
| 334|0x00000000f4e00000, 0x00000000f4e00000, 0x00000000f4f00000|  0%| F|  |TAMS 0x00000000f4e00000, 0x00000000f4e00000| Untracked 
| 335|0x00000000f4f00000, 0x00000000f4f00000, 0x00000000f5000000|  0%| F|  |TAMS 0x00000000f4f00000, 0x00000000f4f00000| Untracked 
| 336|0x00000000f5000000, 0x00000000f5000000, 0x00000000f5100000|  0%| F|  |TAMS 0x00000000f5000000, 0x00000000f5000000| Untracked 
| 337|0x00000000f5100000, 0x00000000f5100000, 0x00000000f5200000|  0%| F|  |TAMS 0x00000000f5100000, 0x00000000f5100000| Untracked 
| 338|0x00000000f5200000, 0x00000000f5200000, 0x00000000f5300000|  0%| F|  |TAMS 0x00000000f5200000, 0x00000000f5200000| Untracked 
| 339|0x00000000f5300000, 0x00000000f5300000, 0x00000000f5400000|  0%| F|  |TAMS 0x00000000f5300000, 0x00000000f5300000| Untracked 
| 340|0x00000000f5400000, 0x00000000f5400000, 0x00000000f5500000|  0%| F|  |TAMS 0x00000000f5400000, 0x00000000f5400000| Untracked 
| 341|0x00000000f5500000, 0x00000000f5500000, 0x00000000f5600000|  0%| F|  |TAMS 0x00000000f5500000, 0x00000000f5500000| Untracked 
| 342|0x00000000f5600000, 0x00000000f5600000, 0x00000000f5700000|  0%| F|  |TAMS 0x00000000f5600000, 0x00000000f5600000| Untracked 
| 343|0x00000000f5700000, 0x00000000f5700000, 0x00000000f5800000|  0%| F|  |TAMS 0x00000000f5700000, 0x00000000f5700000| Untracked 
| 344|0x00000000f5800000, 0x00000000f5800000, 0x00000000f5900000|  0%| F|  |TAMS 0x00000000f5800000, 0x00000000f5800000| Untracked 
| 345|0x00000000f5900000, 0x00000000f5900000, 0x00000000f5a00000|  0%| F|  |TAMS 0x00000000f5900000, 0x00000000f5900000| Untracked 
| 346|0x00000000f5a00000, 0x00000000f5a00000, 0x00000000f5b00000|  0%| F|  |TAMS 0x00000000f5a00000, 0x00000000f5a00000| Untracked 
| 347|0x00000000f5b00000, 0x00000000f5b00000, 0x00000000f5c00000|  0%| F|  |TAMS 0x00000000f5b00000, 0x00000000f5b00000| Untracked 
| 348|0x00000000f5c00000, 0x00000000f5c00000, 0x00000000f5d00000|  0%| F|  |TAMS 0x00000000f5c00000, 0x00000000f5c00000| Untracked 
| 349|0x00000000f5d00000, 0x00000000f5d00000, 0x00000000f5e00000|  0%| F|  |TAMS 0x00000000f5d00000, 0x00000000f5d00000| Untracked 
| 350|0x00000000f5e00000, 0x00000000f5e00000, 0x00000000f5f00000|  0%| F|  |TAMS 0x00000000f5e00000, 0x00000000f5e00000| Untracked 
| 351|0x00000000f5f00000, 0x00000000f5f00000, 0x00000000f6000000|  0%| F|  |TAMS 0x00000000f5f00000, 0x00000000f5f00000| Untracked 
| 352|0x00000000f6000000, 0x00000000f6000000, 0x00000000f6100000|  0%| F|  |TAMS 0x00000000f6000000, 0x00000000f6000000| Untracked 
| 353|0x00000000f6100000, 0x00000000f6100000, 0x00000000f6200000|  0%| F|  |TAMS 0x00000000f6100000, 0x00000000f6100000| Untracked 
| 354|0x00000000f6200000, 0x00000000f6280800, 0x00000000f6300000| 50%| E|  |TAMS 0x00000000f6200000, 0x00000000f6200000| Complete 
| 355|0x00000000f6300000, 0x00000000f6400000, 0x00000000f6400000|100%| E|CS|TAMS 0x00000000f6300000, 0x00000000f6300000| Complete 
| 356|0x00000000f6400000, 0x00000000f6500000, 0x00000000f6500000|100%| E|CS|TAMS 0x00000000f6400000, 0x00000000f6400000| Complete 
| 357|0x00000000f6500000, 0x00000000f6600000, 0x00000000f6600000|100%| E|CS|TAMS 0x00000000f6500000, 0x00000000f6500000| Complete 
| 358|0x00000000f6600000, 0x00000000f6700000, 0x00000000f6700000|100%| E|CS|TAMS 0x00000000f6600000, 0x00000000f6600000| Complete 
| 359|0x00000000f6700000, 0x00000000f6800000, 0x00000000f6800000|100%| E|CS|TAMS 0x00000000f6700000, 0x00000000f6700000| Complete 
| 360|0x00000000f6800000, 0x00000000f6900000, 0x00000000f6900000|100%| E|CS|TAMS 0x00000000f6800000, 0x00000000f6800000| Complete 
| 361|0x00000000f6900000, 0x00000000f6a00000, 0x00000000f6a00000|100%| E|CS|TAMS 0x00000000f6900000, 0x00000000f6900000| Complete 
| 362|0x00000000f6a00000, 0x00000000f6b00000, 0x00000000f6b00000|100%| E|CS|TAMS 0x00000000f6a00000, 0x00000000f6a00000| Complete 
| 363|0x00000000f6b00000, 0x00000000f6c00000, 0x00000000f6c00000|100%| E|CS|TAMS 0x00000000f6b00000, 0x00000000f6b00000| Complete 
| 364|0x00000000f6c00000, 0x00000000f6d00000, 0x00000000f6d00000|100%| E|CS|TAMS 0x00000000f6c00000, 0x00000000f6c00000| Complete 
| 365|0x00000000f6d00000, 0x00000000f6e00000, 0x00000000f6e00000|100%| E|CS|TAMS 0x00000000f6d00000, 0x00000000f6d00000| Complete 
| 366|0x00000000f6e00000, 0x00000000f6f00000, 0x00000000f6f00000|100%| E|CS|TAMS 0x00000000f6e00000, 0x00000000f6e00000| Complete 
| 367|0x00000000f6f00000, 0x00000000f7000000, 0x00000000f7000000|100%| E|CS|TAMS 0x00000000f6f00000, 0x00000000f6f00000| Complete 
| 368|0x00000000f7000000, 0x00000000f7100000, 0x00000000f7100000|100%| E|CS|TAMS 0x00000000f7000000, 0x00000000f7000000| Complete 
| 369|0x00000000f7100000, 0x00000000f7200000, 0x00000000f7200000|100%| E|CS|TAMS 0x00000000f7100000, 0x00000000f7100000| Complete 
| 370|0x00000000f7200000, 0x00000000f7300000, 0x00000000f7300000|100%| E|CS|TAMS 0x00000000f7200000, 0x00000000f7200000| Complete 
| 371|0x00000000f7300000, 0x00000000f7400000, 0x00000000f7400000|100%| E|CS|TAMS 0x00000000f7300000, 0x00000000f7300000| Complete 
| 372|0x00000000f7400000, 0x00000000f7500000, 0x00000000f7500000|100%| E|CS|TAMS 0x00000000f7400000, 0x00000000f7400000| Complete 
| 373|0x00000000f7500000, 0x00000000f7600000, 0x00000000f7600000|100%| E|CS|TAMS 0x00000000f7500000, 0x00000000f7500000| Complete 
| 374|0x00000000f7600000, 0x00000000f7700000, 0x00000000f7700000|100%| E|CS|TAMS 0x00000000f7600000, 0x00000000f7600000| Complete 
| 375|0x00000000f7700000, 0x00000000f7800000, 0x00000000f7800000|100%| E|CS|TAMS 0x00000000f7700000, 0x00000000f7700000| Complete 
| 376|0x00000000f7800000, 0x00000000f7900000, 0x00000000f7900000|100%| E|CS|TAMS 0x00000000f7800000, 0x00000000f7800000| Complete 
| 377|0x00000000f7900000, 0x00000000f7a00000, 0x00000000f7a00000|100%| E|CS|TAMS 0x00000000f7900000, 0x00000000f7900000| Complete 
| 378|0x00000000f7a00000, 0x00000000f7b00000, 0x00000000f7b00000|100%| E|CS|TAMS 0x00000000f7a00000, 0x00000000f7a00000| Complete 
| 379|0x00000000f7b00000, 0x00000000f7c00000, 0x00000000f7c00000|100%| E|CS|TAMS 0x00000000f7b00000, 0x00000000f7b00000| Complete 
| 380|0x00000000f7c00000, 0x00000000f7d00000, 0x00000000f7d00000|100%| E|CS|TAMS 0x00000000f7c00000, 0x00000000f7c00000| Complete 
| 381|0x00000000f7d00000, 0x00000000f7e00000, 0x00000000f7e00000|100%| E|CS|TAMS 0x00000000f7d00000, 0x00000000f7d00000| Complete 
| 382|0x00000000f7e00000, 0x00000000f7f00000, 0x00000000f7f00000|100%| E|CS|TAMS 0x00000000f7e00000, 0x00000000f7e00000| Complete 
| 383|0x00000000f7f00000, 0x00000000f8000000, 0x00000000f8000000|100%| E|CS|TAMS 0x00000000f7f00000, 0x00000000f7f00000| Complete 
| 384|0x00000000f8000000, 0x00000000f8100000, 0x00000000f8100000|100%| E|CS|TAMS 0x00000000f8000000, 0x00000000f8000000| Complete 
| 385|0x00000000f8100000, 0x00000000f8200000, 0x00000000f8200000|100%| E|CS|TAMS 0x00000000f8100000, 0x00000000f8100000| Complete 
| 386|0x00000000f8200000, 0x00000000f8300000, 0x00000000f8300000|100%| E|CS|TAMS 0x00000000f8200000, 0x00000000f8200000| Complete 
| 387|0x00000000f8300000, 0x00000000f8400000, 0x00000000f8400000|100%| E|CS|TAMS 0x00000000f8300000, 0x00000000f8300000| Complete 
| 388|0x00000000f8400000, 0x00000000f8500000, 0x00000000f8500000|100%| E|CS|TAMS 0x00000000f8400000, 0x00000000f8400000| Complete 
| 389|0x00000000f8500000, 0x00000000f8600000, 0x00000000f8600000|100%| E|CS|TAMS 0x00000000f8500000, 0x00000000f8500000| Complete 
| 390|0x00000000f8600000, 0x00000000f8700000, 0x00000000f8700000|100%| E|CS|TAMS 0x00000000f8600000, 0x00000000f8600000| Complete 
| 391|0x00000000f8700000, 0x00000000f8800000, 0x00000000f8800000|100%| E|CS|TAMS 0x00000000f8700000, 0x00000000f8700000| Complete 
| 392|0x00000000f8800000, 0x00000000f8900000, 0x00000000f8900000|100%| E|CS|TAMS 0x00000000f8800000, 0x00000000f8800000| Complete 
| 393|0x00000000f8900000, 0x00000000f8a00000, 0x00000000f8a00000|100%| E|CS|TAMS 0x00000000f8900000, 0x00000000f8900000| Complete 
| 394|0x00000000f8a00000, 0x00000000f8b00000, 0x00000000f8b00000|100%| E|CS|TAMS 0x00000000f8a00000, 0x00000000f8a00000| Complete 
| 395|0x00000000f8b00000, 0x00000000f8c00000, 0x00000000f8c00000|100%| E|CS|TAMS 0x00000000f8b00000, 0x00000000f8b00000| Complete 
| 396|0x00000000f8c00000, 0x00000000f8d00000, 0x00000000f8d00000|100%| E|CS|TAMS 0x00000000f8c00000, 0x00000000f8c00000| Complete 
| 397|0x00000000f8d00000, 0x00000000f8e00000, 0x00000000f8e00000|100%| E|CS|TAMS 0x00000000f8d00000, 0x00000000f8d00000| Complete 
| 398|0x00000000f8e00000, 0x00000000f8f00000, 0x00000000f8f00000|100%| E|CS|TAMS 0x00000000f8e00000, 0x00000000f8e00000| Complete 
| 399|0x00000000f8f00000, 0x00000000f9000000, 0x00000000f9000000|100%| E|CS|TAMS 0x00000000f8f00000, 0x00000000f8f00000| Complete 
| 400|0x00000000f9000000, 0x00000000f9100000, 0x00000000f9100000|100%| E|CS|TAMS 0x00000000f9000000, 0x00000000f9000000| Complete 
| 401|0x00000000f9100000, 0x00000000f9200000, 0x00000000f9200000|100%| E|CS|TAMS 0x00000000f9100000, 0x00000000f9100000| Complete 
| 402|0x00000000f9200000, 0x00000000f9300000, 0x00000000f9300000|100%| E|CS|TAMS 0x00000000f9200000, 0x00000000f9200000| Complete 
| 403|0x00000000f9300000, 0x00000000f9400000, 0x00000000f9400000|100%| E|CS|TAMS 0x00000000f9300000, 0x00000000f9300000| Complete 
| 404|0x00000000f9400000, 0x00000000f9500000, 0x00000000f9500000|100%| E|CS|TAMS 0x00000000f9400000, 0x00000000f9400000| Complete 
| 405|0x00000000f9500000, 0x00000000f9600000, 0x00000000f9600000|100%| E|CS|TAMS 0x00000000f9500000, 0x00000000f9500000| Complete 
| 406|0x00000000f9600000, 0x00000000f9700000, 0x00000000f9700000|100%| E|CS|TAMS 0x00000000f9600000, 0x00000000f9600000| Complete 
| 407|0x00000000f9700000, 0x00000000f9800000, 0x00000000f9800000|100%| E|CS|TAMS 0x00000000f9700000, 0x00000000f9700000| Complete 
| 408|0x00000000f9800000, 0x00000000f9900000, 0x00000000f9900000|100%| E|CS|TAMS 0x00000000f9800000, 0x00000000f9800000| Complete 
| 409|0x00000000f9900000, 0x00000000f9a00000, 0x00000000f9a00000|100%| E|CS|TAMS 0x00000000f9900000, 0x00000000f9900000| Complete 
| 410|0x00000000f9a00000, 0x00000000f9b00000, 0x00000000f9b00000|100%| E|CS|TAMS 0x00000000f9a00000, 0x00000000f9a00000| Complete 
| 411|0x00000000f9b00000, 0x00000000f9c00000, 0x00000000f9c00000|100%| E|CS|TAMS 0x00000000f9b00000, 0x00000000f9b00000| Complete 
| 412|0x00000000f9c00000, 0x00000000f9d00000, 0x00000000f9d00000|100%| E|CS|TAMS 0x00000000f9c00000, 0x00000000f9c00000| Complete 
| 413|0x00000000f9d00000, 0x00000000f9e00000, 0x00000000f9e00000|100%| E|CS|TAMS 0x00000000f9d00000, 0x00000000f9d00000| Complete 
| 414|0x00000000f9e00000, 0x00000000f9f00000, 0x00000000f9f00000|100%| E|CS|TAMS 0x00000000f9e00000, 0x00000000f9e00000| Complete 
| 415|0x00000000f9f00000, 0x00000000fa000000, 0x00000000fa000000|100%| E|CS|TAMS 0x00000000f9f00000, 0x00000000f9f00000| Complete 
| 416|0x00000000fa000000, 0x00000000fa100000, 0x00000000fa100000|100%| E|CS|TAMS 0x00000000fa000000, 0x00000000fa000000| Complete 
| 417|0x00000000fa100000, 0x00000000fa200000, 0x00000000fa200000|100%| E|CS|TAMS 0x00000000fa100000, 0x00000000fa100000| Complete 
| 418|0x00000000fa200000, 0x00000000fa300000, 0x00000000fa300000|100%| E|CS|TAMS 0x00000000fa200000, 0x00000000fa200000| Complete 
| 419|0x00000000fa300000, 0x00000000fa400000, 0x00000000fa400000|100%| E|CS|TAMS 0x00000000fa300000, 0x00000000fa300000| Complete 
| 420|0x00000000fa400000, 0x00000000fa500000, 0x00000000fa500000|100%| E|CS|TAMS 0x00000000fa400000, 0x00000000fa400000| Complete 
| 421|0x00000000fa500000, 0x00000000fa600000, 0x00000000fa600000|100%| E|CS|TAMS 0x00000000fa500000, 0x00000000fa500000| Complete 
| 422|0x00000000fa600000, 0x00000000fa700000, 0x00000000fa700000|100%| E|CS|TAMS 0x00000000fa600000, 0x00000000fa600000| Complete 
| 423|0x00000000fa700000, 0x00000000fa800000, 0x00000000fa800000|100%| E|CS|TAMS 0x00000000fa700000, 0x00000000fa700000| Complete 
| 424|0x00000000fa800000, 0x00000000fa900000, 0x00000000fa900000|100%| E|CS|TAMS 0x00000000fa800000, 0x00000000fa800000| Complete 
| 425|0x00000000fa900000, 0x00000000faa00000, 0x00000000faa00000|100%| E|CS|TAMS 0x00000000fa900000, 0x00000000fa900000| Complete 
| 426|0x00000000faa00000, 0x00000000fab00000, 0x00000000fab00000|100%| E|CS|TAMS 0x00000000faa00000, 0x00000000faa00000| Complete 
| 427|0x00000000fab00000, 0x00000000fac00000, 0x00000000fac00000|100%| E|CS|TAMS 0x00000000fab00000, 0x00000000fab00000| Complete 
| 428|0x00000000fac00000, 0x00000000fad00000, 0x00000000fad00000|100%| E|CS|TAMS 0x00000000fac00000, 0x00000000fac00000| Complete 
| 429|0x00000000fad00000, 0x00000000fae00000, 0x00000000fae00000|100%| E|CS|TAMS 0x00000000fad00000, 0x00000000fad00000| Complete 
| 430|0x00000000fae00000, 0x00000000faf00000, 0x00000000faf00000|100%| E|CS|TAMS 0x00000000fae00000, 0x00000000fae00000| Complete 
| 431|0x00000000faf00000, 0x00000000fb000000, 0x00000000fb000000|100%| E|CS|TAMS 0x00000000faf00000, 0x00000000faf00000| Complete 
| 432|0x00000000fb000000, 0x00000000fb100000, 0x00000000fb100000|100%| E|CS|TAMS 0x00000000fb000000, 0x00000000fb000000| Complete 
| 433|0x00000000fb100000, 0x00000000fb200000, 0x00000000fb200000|100%| E|CS|TAMS 0x00000000fb100000, 0x00000000fb100000| Complete 
| 434|0x00000000fb200000, 0x00000000fb300000, 0x00000000fb300000|100%| S|CS|TAMS 0x00000000fb200000, 0x00000000fb200000| Complete 
| 435|0x00000000fb300000, 0x00000000fb400000, 0x00000000fb400000|100%| S|CS|TAMS 0x00000000fb300000, 0x00000000fb300000| Complete 
| 436|0x00000000fb400000, 0x00000000fb500000, 0x00000000fb500000|100%| E|CS|TAMS 0x00000000fb400000, 0x00000000fb400000| Complete 
| 437|0x00000000fb500000, 0x00000000fb600000, 0x00000000fb600000|100%| E|CS|TAMS 0x00000000fb500000, 0x00000000fb500000| Complete 
| 438|0x00000000fb600000, 0x00000000fb700000, 0x00000000fb700000|100%| E|CS|TAMS 0x00000000fb600000, 0x00000000fb600000| Complete 
| 439|0x00000000fb700000, 0x00000000fb800000, 0x00000000fb800000|100%| E|CS|TAMS 0x00000000fb700000, 0x00000000fb700000| Complete 
| 440|0x00000000fb800000, 0x00000000fb900000, 0x00000000fb900000|100%| E|CS|TAMS 0x00000000fb800000, 0x00000000fb800000| Complete 
| 505|0x00000000ff900000, 0x00000000ffa00000, 0x00000000ffa00000|100%| E|CS|TAMS 0x00000000ff900000, 0x00000000ff900000| Complete 

Card table byte_map: [0x0000018bdb710000,0x0000018bdb810000] _byte_map_base: 0x0000018bdb010000

Marking Bits (Prev, Next): (CMBitMap*) 0x0000018bc4a84c70, (CMBitMap*) 0x0000018bc4a84c30
 Prev Bits: [0x0000018bdc110000, 0x0000018bdc910000)
 Next Bits: [0x0000018bdb910000, 0x0000018bdc110000)

Polling page: 0x0000018bc2ac0000

Metaspace:

Usage:
  Non-class:     90.48 MB used.
      Class:     13.14 MB used.
       Both:    103.62 MB used.

Virtual space:
  Non-class space:       96.00 MB reserved,      91.31 MB ( 95%) committed,  12 nodes.
      Class space:      308.00 MB reserved,      13.81 MB (  4%) committed,  1 nodes.
             Both:      404.00 MB reserved,     105.12 MB ( 26%) committed. 

Chunk freelists:
   Non-Class:  3.93 MB
       Class:  2.19 MB
        Both:  6.12 MB

MaxMetaspaceSize: 384.00 MB
CompressedClassSpaceSize: 308.00 MB
Initial GC threshold: 21.00 MB
Current GC threshold: 159.50 MB
CDS: on
MetaspaceReclaimPolicy: balanced
 - commit_granule_bytes: 65536.
 - commit_granule_words: 8192.
 - virtual_space_node_default_size: 1048576.
 - enlarge_chunks_in_place: 1.
 - new_chunks_are_fully_committed: 0.
 - uncommit_free_chunks: 1.
 - use_allocation_guard: 0.
 - handle_deallocations: 1.


Internal statistics:

num_allocs_failed_limit: 9.
num_arena_births: 5192.
num_arena_deaths: 2750.
num_vsnodes_births: 13.
num_vsnodes_deaths: 0.
num_space_committed: 2391.
num_space_uncommitted: 709.
num_chunks_returned_to_freelist: 11350.
num_chunks_taken_from_freelist: 18960.
num_chunk_merges: 1928.
num_chunk_splits: 7813.
num_chunks_enlarged: 4584.
num_purges: 116.
num_inconsistent_stats: 0.

CodeHeap 'non-profiled nmethods': size=120000Kb used=37735Kb max_used=38512Kb free=82264Kb
 bounds [0x0000018bd3da0000, 0x0000018bd6350000, 0x0000018bdb2d0000]
CodeHeap 'profiled nmethods': size=120000Kb used=46703Kb max_used=47489Kb free=73296Kb
 bounds [0x0000018bcc2d0000, 0x0000018bcf140000, 0x0000018bd3800000]
CodeHeap 'non-nmethods': size=5760Kb used=2453Kb max_used=2565Kb free=3306Kb
 bounds [0x0000018bd3800000, 0x0000018bd3a90000, 0x0000018bd3da0000]
 total_blobs=28355 nmethods=27382 adapters=884
 compilation: enabled
              stopped_count=0, restarted_count=0
 full_count=0

Compilation events (20 events):
Event: 29997.086 Thread 0x0000018bdf37a5e0 nmethod 46149 0x0000018bcc59ec90 code [0x0000018bcc59ee40, 0x0000018bcc59f158]
Event: 29997.143 Thread 0x0000018bdf37a5e0 46150   !   3       java.io.StringReader::read (105 bytes)
Event: 29997.144 Thread 0x0000018bdf37a5e0 nmethod 46150 0x0000018bcc599510 code [0x0000018bcc599740, 0x0000018bcc599ee8]
Event: 29997.148 Thread 0x0000018bdf378ef0 46151       4       org.gradle.api.internal.project.DefaultProject::onMutableStateAccess (11 bytes)
Event: 29997.150 Thread 0x0000018bdf378ef0 nmethod 46151 0x0000018bd427c290 code [0x0000018bd427c420, 0x0000018bd427c508]
Event: 29997.263 Thread 0x0000018bdf378ef0 46152       4       org.gradle.api.internal.artifacts.configurations.DefaultConfiguration$ResolverResultsResolutionResultProvider::getValue (5 bytes)
Event: 29997.321 Thread 0x0000018bdf378ef0 nmethod 46152 0x0000018bd3e0e290 code [0x0000018bd3e0e5c0, 0x0000018bd3e0fb80]
Event: 29997.707 Thread 0x0000018bdf378ef0 46154       4       org.gradle.internal.serialize.kryo.StringDeduplicatingKryoBackedDecoder::readStringIndex (9 bytes)
Event: 29997.707 Thread 0x0000018bdf37a5e0 46153   !   3       org.gradle.internal.serialize.kryo.StringDeduplicatingKryoBackedDecoder::readNullableString (53 bytes)
Event: 29997.708 Thread 0x0000018bdf37a5e0 nmethod 46153 0x0000018bcca4bb90 code [0x0000018bcca4bdc0, 0x0000018bcca4c498]
Event: 29997.708 Thread 0x0000018bdf37a5e0 46155       3       org.gradle.util.internal.ConfigureUtil::configure (43 bytes)
Event: 29997.710 Thread 0x0000018bdf37a5e0 nmethod 46155 0x0000018bcc459e10 code [0x0000018bcc45a080, 0x0000018bcc45ad38]
Event: 29997.720 Thread 0x0000018bdf378ef0 nmethod 46154 0x0000018bd4130e10 code [0x0000018bd4131000, 0x0000018bd4131780]
Event: 29997.787 Thread 0x0000018bdf378ef0 46156  s    4       java.io.BufferedInputStream::available (35 bytes)
Event: 29997.789 Thread 0x0000018bdf378ef0 nmethod 46156 0x0000018bd4fbf090 code [0x0000018bd4fbf220, 0x0000018bd4fbf518]
Event: 29997.917 Thread 0x0000018bdf378ef0 46157       4       org.gradle.internal.lazy.UnsafeLazy::get (30 bytes)
Event: 29998.269 Thread 0x0000018bdf37a5e0 46159       2       java.io.FilterInputStream::available (8 bytes)
Event: 29998.269 Thread 0x0000018bdf37a5e0 nmethod 46159 0x0000018bcd374b10 code [0x0000018bcd374ca0, 0x0000018bcd374dc8]
Event: 29998.270 Thread 0x0000018bdf37a5e0 46160   !   3       jdk.internal.reflect.GeneratedMethodAccessor722::invoke (61 bytes)
Event: 29998.270 Thread 0x0000018bdf37a5e0 nmethod 46160 0x0000018bccacb810 code [0x0000018bccacba20, 0x0000018bccacc088]

GC Heap History (20 events):
Event: 29435.018 GC heap before
{Heap before GC invocations=559 (full 0):
 garbage-first heap   total 485376K, used 383984K [0x00000000e0000000, 0x0000000100000000)
  region size 1024K, 253 young (259072K), 26 survivors (26624K)
 Metaspace       used 93131K, committed 96704K, reserved 413696K
  class space    used 11562K, committed 12864K, reserved 315392K
}
Event: 29435.033 GC heap after
{Heap after GC invocations=560 (full 0):
 garbage-first heap   total 485376K, used 154928K [0x00000000e0000000, 0x0000000100000000)
  region size 1024K, 22 young (22528K), 22 survivors (22528K)
 Metaspace       used 93131K, committed 96704K, reserved 413696K
  class space    used 11562K, committed 12864K, reserved 315392K
}
Event: 29469.465 GC heap before
{Heap before GC invocations=560 (full 0):
 garbage-first heap   total 485376K, used 382256K [0x00000000e0000000, 0x0000000100000000)
  region size 1024K, 245 young (250880K), 22 survivors (22528K)
 Metaspace       used 93139K, committed 96704K, reserved 413696K
  class space    used 11562K, committed 12864K, reserved 315392K
}
Event: 29469.483 GC heap after
{Heap after GC invocations=561 (full 0):
 garbage-first heap   total 485376K, used 156140K [0x00000000e0000000, 0x0000000100000000)
  region size 1024K, 22 young (22528K), 22 survivors (22528K)
 Metaspace       used 93139K, committed 96704K, reserved 413696K
  class space    used 11562K, committed 12864K, reserved 315392K
}
Event: 29523.965 GC heap before
{Heap before GC invocations=562 (full 0):
 garbage-first heap   total 485376K, used 367084K [0x00000000e0000000, 0x0000000100000000)
  region size 1024K, 244 young (249856K), 22 survivors (22528K)
 Metaspace       used 93142K, committed 96704K, reserved 413696K
  class space    used 11562K, committed 12864K, reserved 315392K
}
Event: 29523.979 GC heap after
{Heap after GC invocations=563 (full 0):
 garbage-first heap   total 485376K, used 141074K [0x00000000e0000000, 0x0000000100000000)
  region size 1024K, 21 young (21504K), 21 survivors (21504K)
 Metaspace       used 93142K, committed 96704K, reserved 413696K
  class space    used 11562K, committed 12864K, reserved 315392K
}
Event: 29523.988 GC heap before
{Heap before GC invocations=563 (full 0):
 garbage-first heap   total 485376K, used 143122K [0x00000000e0000000, 0x0000000100000000)
  region size 1024K, 23 young (23552K), 21 survivors (21504K)
 Metaspace       used 93142K, committed 96704K, reserved 413696K
  class space    used 11562K, committed 12864K, reserved 315392K
}
Event: 29524.002 GC heap after
{Heap after GC invocations=564 (full 0):
 garbage-first heap   total 485376K, used 128461K [0x00000000e0000000, 0x0000000100000000)
  region size 1024K, 3 young (3072K), 3 survivors (3072K)
 Metaspace       used 93142K, committed 96704K, reserved 413696K
  class space    used 11562K, committed 12864K, reserved 315392K
}
Event: 29531.476 GC heap before
{Heap before GC invocations=564 (full 0):
 garbage-first heap   total 485376K, used 379341K [0x00000000e0000000, 0x0000000100000000)
  region size 1024K, 249 young (254976K), 3 survivors (3072K)
 Metaspace       used 93169K, committed 96704K, reserved 413696K
  class space    used 11562K, committed 12864K, reserved 315392K
}
Event: 29531.485 GC heap after
{Heap after GC invocations=565 (full 0):
 garbage-first heap   total 485376K, used 137050K [0x00000000e0000000, 0x0000000100000000)
  region size 1024K, 12 young (12288K), 12 survivors (12288K)
 Metaspace       used 93169K, committed 96704K, reserved 413696K
  class space    used 11562K, committed 12864K, reserved 315392K
}
Event: 29547.286 GC heap before
{Heap before GC invocations=565 (full 0):
 garbage-first heap   total 485376K, used 381786K [0x00000000e0000000, 0x0000000100000000)
  region size 1024K, 252 young (258048K), 12 survivors (12288K)
 Metaspace       used 93175K, committed 96704K, reserved 413696K
  class space    used 11562K, committed 12864K, reserved 315392K
}
Event: 29547.293 GC heap after
{Heap after GC invocations=566 (full 0):
 garbage-first heap   total 485376K, used 129975K [0x00000000e0000000, 0x0000000100000000)
  region size 1024K, 5 young (5120K), 5 survivors (5120K)
 Metaspace       used 93175K, committed 96704K, reserved 413696K
  class space    used 11562K, committed 12864K, reserved 315392K
}
Event: 29914.026 GC heap before
{Heap before GC invocations=566 (full 0):
 garbage-first heap   total 485376K, used 389047K [0x00000000e0000000, 0x0000000100000000)
  region size 1024K, 259 young (265216K), 5 survivors (5120K)
 Metaspace       used 93175K, committed 96704K, reserved 413696K
  class space    used 11562K, committed 12864K, reserved 315392K
}
Event: 29914.031 GC heap after
{Heap after GC invocations=567 (full 0):
 garbage-first heap   total 485376K, used 131435K [0x00000000e0000000, 0x0000000100000000)
  region size 1024K, 6 young (6144K), 6 survivors (6144K)
 Metaspace       used 93175K, committed 96704K, reserved 413696K
  class space    used 11562K, committed 12864K, reserved 315392K
}
Event: 29984.115 GC heap before
{Heap before GC invocations=567 (full 0):
 garbage-first heap   total 485376K, used 322923K [0x00000000e0000000, 0x0000000100000000)
  region size 1024K, 194 young (198656K), 6 survivors (6144K)
 Metaspace       used 93252K, committed 96704K, reserved 413696K
  class space    used 11578K, committed 12864K, reserved 315392K
}
Event: 29984.121 GC heap after
{Heap after GC invocations=568 (full 0):
 garbage-first heap   total 485376K, used 128278K [0x00000000e0000000, 0x0000000100000000)
  region size 1024K, 3 young (3072K), 3 survivors (3072K)
 Metaspace       used 93252K, committed 96704K, reserved 413696K
  class space    used 11578K, committed 12864K, reserved 315392K
}
Event: 29995.992 GC heap before
{Heap before GC invocations=569 (full 0):
 garbage-first heap   total 450560K, used 431945K [0x00000000e0000000, 0x0000000100000000)
  region size 1024K, 260 young (266240K), 3 survivors (3072K)
 Metaspace       used 104364K, committed 105920K, reserved 413696K
  class space    used 13213K, committed 13952K, reserved 315392K
}
Event: 29996.034 GC heap after
{Heap after GC invocations=570 (full 0):
 garbage-first heap   total 452608K, used 186227K [0x00000000e0000000, 0x0000000100000000)
  region size 1024K, 18 young (18432K), 18 survivors (18432K)
 Metaspace       used 104364K, committed 105920K, reserved 413696K
  class space    used 13213K, committed 13952K, reserved 315392K
}
Event: 29996.212 GC heap before
{Heap before GC invocations=570 (full 0):
 garbage-first heap   total 452608K, used 189299K [0x00000000e0000000, 0x0000000100000000)
  region size 1024K, 22 young (22528K), 18 survivors (18432K)
 Metaspace       used 104816K, committed 106368K, reserved 413696K
  class space    used 13274K, committed 14016K, reserved 315392K
}
Event: 29996.250 GC heap after
{Heap after GC invocations=571 (full 0):
 garbage-first heap   total 452608K, used 169338K [0x00000000e0000000, 0x0000000100000000)
  region size 1024K, 2 young (2048K), 2 survivors (2048K)
 Metaspace       used 104816K, committed 106368K, reserved 413696K
  class space    used 13274K, committed 14016K, reserved 315392K
}

Deoptimization events (20 events):
Event: 29996.694 Thread 0x0000018be016e6e0 Uncommon trap: trap_request=0xffffffec fr.pc=0x0000018bd5140b0c relative=0x0000000000000aac
Event: 29996.694 Thread 0x0000018be016e6e0 Uncommon trap: reason=null_assert_or_unreached0 action=make_not_entrant pc=0x0000018bd5140b0c method=org.gradle.internal.cc.impl.services.DefaultIsolatedProjectEvaluationListenerProvider.executeBeforeProjectFor(Lorg/gradle/api/Project;)V @ 10 c2
Event: 29996.694 Thread 0x0000018be016e6e0 DEOPT PACKING pc=0x0000018bd5140b0c sp=0x0000007de49f95a0
Event: 29996.694 Thread 0x0000018be016e6e0 DEOPT UNPACKING pc=0x0000018bd3855ba3 sp=0x0000007de49f9320 mode 2
Event: 29996.695 Thread 0x0000018be016e6e0 Uncommon trap: trap_request=0xffffffec fr.pc=0x0000018bd5143dfc relative=0x0000000000000a9c
Event: 29996.695 Thread 0x0000018be016e6e0 Uncommon trap: reason=null_assert_or_unreached0 action=make_not_entrant pc=0x0000018bd5143dfc method=org.gradle.internal.cc.impl.services.DefaultIsolatedProjectEvaluationListenerProvider.executeBeforeProjectFor(Lorg/gradle/api/Project;)V @ 10 c2
Event: 29996.695 Thread 0x0000018be016e6e0 DEOPT PACKING pc=0x0000018bd5143dfc sp=0x0000007de49f88a0
Event: 29996.695 Thread 0x0000018be016e6e0 DEOPT UNPACKING pc=0x0000018bd3855ba3 sp=0x0000007de49f8740 mode 2
Event: 29996.696 Thread 0x0000018be016e6e0 Uncommon trap: trap_request=0xffffffec fr.pc=0x0000018bd5e07284 relative=0x0000000000001764
Event: 29996.696 Thread 0x0000018be016e6e0 Uncommon trap: reason=null_assert_or_unreached0 action=make_not_entrant pc=0x0000018bd5e07284 method=org.gradle.internal.cc.impl.services.DefaultIsolatedProjectEvaluationListenerProvider.executeBeforeProjectFor(Lorg/gradle/api/Project;)V @ 10 c2
Event: 29996.696 Thread 0x0000018be016e6e0 DEOPT PACKING pc=0x0000018bd5e07284 sp=0x0000007de49f8150
Event: 29996.696 Thread 0x0000018be016e6e0 DEOPT UNPACKING pc=0x0000018bd3855ba3 sp=0x0000007de49f7f38 mode 2
Event: 29996.696 Thread 0x0000018be016e6e0 Uncommon trap: trap_request=0xffffffec fr.pc=0x0000018bd4db08c8 relative=0x0000000000006808
Event: 29996.697 Thread 0x0000018be016e6e0 Uncommon trap: reason=null_assert_or_unreached0 action=make_not_entrant pc=0x0000018bd4db08c8 method=org.gradle.internal.cc.impl.services.DefaultIsolatedProjectEvaluationListenerProvider.executeBeforeProjectFor(Lorg/gradle/api/Project;)V @ 10 c2
Event: 29996.697 Thread 0x0000018be016e6e0 DEOPT PACKING pc=0x0000018bd4db08c8 sp=0x0000007de49f8110
Event: 29996.699 Thread 0x0000018be016e6e0 DEOPT UNPACKING pc=0x0000018bd3855ba3 sp=0x0000007de49f7fa8 mode 2
Event: 29997.705 Thread 0x0000018be016e6e0 Uncommon trap: trap_request=0xffffff45 fr.pc=0x0000018bd46dd7c4 relative=0x0000000000001d44
Event: 29997.705 Thread 0x0000018be016e6e0 Uncommon trap: reason=unstable_if action=reinterpret pc=0x0000018bd46dd7c4 method=com.esotericsoftware.kryo.io.Input.readAscii()Ljava/lang/String; @ 23 c2
Event: 29997.705 Thread 0x0000018be016e6e0 DEOPT PACKING pc=0x0000018bd46dd7c4 sp=0x0000007de49f81c0
Event: 29997.705 Thread 0x0000018be016e6e0 DEOPT UNPACKING pc=0x0000018bd3855ba3 sp=0x0000007de49f8058 mode 2

Classes unloaded (20 events):
Event: 29984.567 Thread 0x0000018bdf3561f0 Unloading class 0x0000000801870c00 'jdk/internal/reflect/GeneratedMethodAccessor576'
Event: 29984.567 Thread 0x0000018bdf3561f0 Unloading class 0x0000000801870800 'jdk/internal/reflect/GeneratedMethodAccessor575'
Event: 29984.567 Thread 0x0000018bdf3561f0 Unloading class 0x00000008015a7c00 'jdk/internal/reflect/GeneratedMethodAccessor574'
Event: 29984.567 Thread 0x0000018bdf3561f0 Unloading class 0x00000008015c0000 'jdk/internal/reflect/GeneratedMethodAccessor573'
Event: 29984.567 Thread 0x0000018bdf3561f0 Unloading class 0x000000080184d400 'jdk/internal/reflect/GeneratedMethodAccessor572'
Event: 29984.567 Thread 0x0000018bdf3561f0 Unloading class 0x000000080184d800 'jdk/internal/reflect/GeneratedMethodAccessor571'
Event: 29984.567 Thread 0x0000018bdf3561f0 Unloading class 0x0000000801689400 'jdk/internal/reflect/GeneratedMethodAccessor570'
Event: 29984.567 Thread 0x0000018bdf3561f0 Unloading class 0x00000008017bc000 'jdk/internal/reflect/GeneratedMethodAccessor569'
Event: 29984.567 Thread 0x0000018bdf3561f0 Unloading class 0x0000000801741000 'jdk/internal/reflect/GeneratedMethodAccessor568'
Event: 29984.567 Thread 0x0000018bdf3561f0 Unloading class 0x0000000801635c00 'jdk/internal/reflect/GeneratedMethodAccessor567'
Event: 29984.567 Thread 0x0000018bdf3561f0 Unloading class 0x000000080189b400 'jdk/internal/reflect/GeneratedMethodAccessor566'
Event: 29984.567 Thread 0x0000018bdf3561f0 Unloading class 0x0000000801606c00 'jdk/internal/reflect/GeneratedMethodAccessor359'
Event: 29984.568 Thread 0x0000018bdf3561f0 Unloading class 0x00000008012a0c00 'jdk/internal/reflect/GeneratedSerializationConstructorAccessor13'
Event: 29984.568 Thread 0x0000018bdf3561f0 Unloading class 0x00000008012a0800 'jdk/internal/reflect/GeneratedSerializationConstructorAccessor12'
Event: 29984.568 Thread 0x0000018bdf3561f0 Unloading class 0x00000008012a0000 'jdk/internal/reflect/GeneratedSerializationConstructorAccessor10'
Event: 29984.568 Thread 0x0000018bdf3561f0 Unloading class 0x000000080129d400 'jdk/internal/reflect/GeneratedSerializationConstructorAccessor9'
Event: 29984.568 Thread 0x0000018bdf3561f0 Unloading class 0x000000080129cc00 'jdk/internal/reflect/GeneratedSerializationConstructorAccessor7'
Event: 29984.568 Thread 0x0000018bdf3561f0 Unloading class 0x000000080129c800 'jdk/internal/reflect/GeneratedSerializationConstructorAccessor6'
Event: 29984.568 Thread 0x0000018bdf3561f0 Unloading class 0x000000080129c400 'jdk/internal/reflect/GeneratedSerializationConstructorAccessor5'
Event: 29984.568 Thread 0x0000018bdf3561f0 Unloading class 0x000000080129c000 'jdk/internal/reflect/GeneratedSerializationConstructorAccessor4'

Classes redefined (0 events):
No events

Internal exceptions (20 events):
Event: 29996.535 Thread 0x0000018be016e6e0 Exception <a 'java/lang/ClassNotFoundException'{0x00000000fb04f2f8}: org/gradle/api/file/CopySpecBeanInfo> (0x00000000fb04f2f8) 
thrown [s\open\src\hotspot\share\classfile\systemDictionary.cpp, line 256]
Event: 29996.536 Thread 0x0000018be016e6e0 Exception <a 'java/lang/ClassNotFoundException'{0x00000000fb059cb0}: org/gradle/api/file/CopySpecCustomizer> (0x00000000fb059cb0) 
thrown [s\open\src\hotspot\share\classfile\systemDictionary.cpp, line 256]
Event: 29996.538 Thread 0x0000018be016e6e0 Exception <a 'java/lang/ClassNotFoundException'{0x00000000fb0a5eb0}: org/gradle/api/file/CopySourceSpecBeanInfo> (0x00000000fb0a5eb0) 
thrown [s\open\src\hotspot\share\classfile\systemDictionary.cpp, line 256]
Event: 29996.538 Thread 0x0000018be016e6e0 Exception <a 'java/lang/ClassNotFoundException'{0x00000000fb0b0f40}: org/gradle/api/file/CopySourceSpecCustomizer> (0x00000000fb0b0f40) 
thrown [s\open\src\hotspot\share\classfile\systemDictionary.cpp, line 256]
Event: 29996.548 Thread 0x0000018be016e6e0 Exception <a 'java/lang/ClassNotFoundException'{0x00000000fb0c6d88}: org/gradle/api/file/CopyProcessingSpecBeanInfo> (0x00000000fb0c6d88) 
thrown [s\open\src\hotspot\share\classfile\systemDictionary.cpp, line 256]
Event: 29996.549 Thread 0x0000018be016e6e0 Exception <a 'java/lang/ClassNotFoundException'{0x00000000fb0d1f50}: org/gradle/api/file/CopyProcessingSpecCustomizer> (0x00000000fb0d1f50) 
thrown [s\open\src\hotspot\share\classfile\systemDictionary.cpp, line 256]
Event: 29996.563 Thread 0x0000018be016e6e0 Exception <a 'java/lang/ClassNotFoundException'{0x00000000fb0f2a38}: org/gradle/api/file/ContentFilterableBeanInfo> (0x00000000fb0f2a38) 
thrown [s\open\src\hotspot\share\classfile\systemDictionary.cpp, line 256]
Event: 29996.564 Thread 0x0000018be016e6e0 Exception <a 'java/lang/ClassNotFoundException'{0x00000000fb0fdc00}: org/gradle/api/file/ContentFilterableCustomizer> (0x00000000fb0fdc00) 
thrown [s\open\src\hotspot\share\classfile\systemDictionary.cpp, line 256]
Event: 29996.566 Thread 0x0000018be016e6e0 Exception <a 'java/lang/ClassNotFoundException'{0x00000000faf18cf8}: org/gradle/api/tasks/util/PatternFilterableBeanInfo> (0x00000000faf18cf8) 
thrown [s\open\src\hotspot\share\classfile\systemDictionary.cpp, line 256]
Event: 29996.566 Thread 0x0000018be016e6e0 Exception <a 'java/lang/ClassNotFoundException'{0x00000000faf240a0}: org/gradle/api/tasks/util/PatternFilterableCustomizer> (0x00000000faf240a0) 
thrown [s\open\src\hotspot\share\classfile\systemDictionary.cpp, line 256]
Event: 29996.569 Thread 0x0000018be016e6e0 Exception <a 'java/lang/ClassNotFoundException'{0x00000000faf41c98}: org/gradle/api/internal/GeneratedSubclassBeanInfo> (0x00000000faf41c98) 
thrown [s\open\src\hotspot\share\classfile\systemDictionary.cpp, line 256]
Event: 29996.569 Thread 0x0000018be016e6e0 Exception <a 'java/lang/ClassNotFoundException'{0x00000000faf4bc38}: org/gradle/api/internal/GeneratedSubclassCustomizer> (0x00000000faf4bc38) 
thrown [s\open\src\hotspot\share\classfile\systemDictionary.cpp, line 256]
Event: 29996.570 Thread 0x0000018be016e6e0 Exception <a 'java/lang/ClassNotFoundException'{0x00000000faf5ec48}: org/gradle/internal/state/ModelObjectBeanInfo> (0x00000000faf5ec48) 
thrown [s\open\src\hotspot\share\classfile\systemDictionary.cpp, line 256]
Event: 29996.571 Thread 0x0000018be016e6e0 Exception <a 'java/lang/ClassNotFoundException'{0x00000000faf68ce0}: org/gradle/internal/state/ModelObjectCustomizer> (0x00000000faf68ce0) 
thrown [s\open\src\hotspot\share\classfile\systemDictionary.cpp, line 256]
Event: 29996.572 Thread 0x0000018be016e6e0 Exception <a 'java/lang/ClassNotFoundException'{0x00000000faf7dc68}: org/gradle/internal/state/OwnerAwareBeanInfo> (0x00000000faf7dc68) 
thrown [s\open\src\hotspot\share\classfile\systemDictionary.cpp, line 256]
Event: 29996.572 Thread 0x0000018be016e6e0 Exception <a 'java/lang/ClassNotFoundException'{0x00000000faf87ec8}: org/gradle/internal/state/OwnerAwareCustomizer> (0x00000000faf87ec8) 
thrown [s\open\src\hotspot\share\classfile\systemDictionary.cpp, line 256]
Event: 29996.573 Thread 0x0000018be016e6e0 Exception <a 'java/lang/ClassNotFoundException'{0x00000000faf9a920}: org/gradle/api/internal/DynamicObjectAwareBeanInfo> (0x00000000faf9a920) 
thrown [s\open\src\hotspot\share\classfile\systemDictionary.cpp, line 256]
Event: 29996.574 Thread 0x0000018be016e6e0 Exception <a 'java/lang/ClassNotFoundException'{0x00000000fafa48c0}: org/gradle/api/internal/DynamicObjectAwareCustomizer> (0x00000000fafa48c0) 
thrown [s\open\src\hotspot\share\classfile\systemDictionary.cpp, line 256]
Event: 29996.575 Thread 0x0000018be016e6e0 Exception <a 'java/lang/ClassNotFoundException'{0x00000000fafc71c0}: groovy/lang/GroovyObjectBeanInfo> (0x00000000fafc71c0) 
thrown [s\open\src\hotspot\share\classfile\systemDictionary.cpp, line 256]
Event: 29996.576 Thread 0x0000018be016e6e0 Exception <a 'java/lang/ClassNotFoundException'{0x00000000fafde738}: groovy/lang/GroovyObjectCustomizer> (0x00000000fafde738) 
thrown [s\open\src\hotspot\share\classfile\systemDictionary.cpp, line 256]

VM Operations (20 events):
Event: 29994.288 Executing VM operation: Cleanup
Event: 29994.309 Executing VM operation: Cleanup done
Event: 29994.788 Executing VM operation: HandshakeAllThreads
Event: 29994.788 Executing VM operation: HandshakeAllThreads done
Event: 29995.264 Executing VM operation: HandshakeAllThreads
Event: 29995.264 Executing VM operation: HandshakeAllThreads done
Event: 29995.992 Executing VM operation: G1CollectForAllocation
Event: 29996.034 Executing VM operation: G1CollectForAllocation done
Event: 29996.170 Executing VM operation: HandshakeAllThreads
Event: 29996.170 Executing VM operation: HandshakeAllThreads done
Event: 29996.170 Executing VM operation: HandshakeAllThreads
Event: 29996.171 Executing VM operation: HandshakeAllThreads done
Event: 29996.212 Executing VM operation: G1CollectForAllocation
Event: 29996.257 Executing VM operation: G1CollectForAllocation done
Event: 29996.514 Executing VM operation: HandshakeAllThreads
Event: 29996.514 Executing VM operation: HandshakeAllThreads done
Event: 29996.514 Executing VM operation: HandshakeAllThreads
Event: 29996.514 Executing VM operation: HandshakeAllThreads done
Event: 29997.515 Executing VM operation: Cleanup
Event: 29997.516 Executing VM operation: Cleanup done

Events (20 events):
Event: 29997.078 Thread 0x0000018be11e8480 Thread added: 0x0000018be11e8480
Event: 29997.083 Thread 0x0000018be11e7fb0 Thread added: 0x0000018be11e7fb0
Event: 29997.088 Thread 0x0000018be11e8950 Thread added: 0x0000018be11e8950
Event: 29997.093 Thread 0x0000018be11e8e20 Thread added: 0x0000018be11e8e20
Event: 29997.099 Thread 0x0000018be11e7140 Thread added: 0x0000018be11e7140
Event: 29997.104 Thread 0x0000018be11e5930 Thread added: 0x0000018be11e5930
Event: 29997.109 Thread 0x0000018be11e7ae0 Thread added: 0x0000018be11e7ae0
Event: 29997.130 Thread 0x0000018be11e7610 Thread added: 0x0000018be11e7610
Event: 29997.136 Thread 0x0000018be11e5e00 Thread added: 0x0000018be11e5e00
Event: 29997.142 Thread 0x0000018be11e62d0 Thread added: 0x0000018be11e62d0
Event: 29997.146 Thread 0x0000018be11e67a0 Thread added: 0x0000018be11e67a0
Event: 29997.151 Thread 0x0000018be11e6c70 Thread added: 0x0000018be11e6c70
Event: 29997.156 Thread 0x0000018be287fb20 Thread added: 0x0000018be287fb20
Event: 29997.161 Thread 0x0000018be28821a0 Thread added: 0x0000018be28821a0
Event: 29997.166 Thread 0x0000018be2880990 Thread added: 0x0000018be2880990
Event: 29997.233 Thread 0x0000018be2880e60 Thread added: 0x0000018be2880e60
Event: 29997.239 Thread 0x0000018be2881330 Thread added: 0x0000018be2881330
Event: 29997.245 Thread 0x0000018be2881800 Thread added: 0x0000018be2881800
Event: 29997.252 Thread 0x0000018be2881cd0 Thread added: 0x0000018be2881cd0
Event: 29997.260 Thread 0x0000018be46fd480 Thread added: 0x0000018be46fd480


Dynamic libraries:
0x00007ff7bf780000 - 0x00007ff7bf790000 	C:\Program Files\Java\jdk-17.0.6\bin\java.exe
0x00007ff9e2000000 - 0x00007ff9e2268000 	C:\WINDOWS\SYSTEM32\ntdll.dll
0x00007ff9dfe20000 - 0x00007ff9dfee9000 	C:\WINDOWS\System32\KERNEL32.DLL
0x00007ff9df450000 - 0x00007ff9df842000 	C:\WINDOWS\System32\KERNELBASE.dll
0x00007ff9dfc80000 - 0x00007ff9dfdcb000 	C:\WINDOWS\System32\ucrtbase.dll
0x00007ff9a7db0000 - 0x00007ff9a7dc8000 	C:\Program Files\Java\jdk-17.0.6\bin\jli.dll
0x00007ff9a7c70000 - 0x00007ff9a7c8b000 	C:\Program Files\Java\jdk-17.0.6\bin\VCRUNTIME140.dll
0x00007ff9e04f0000 - 0x00007ff9e05a4000 	C:\WINDOWS\System32\ADVAPI32.dll
0x00007ff9e0da0000 - 0x00007ff9e0e49000 	C:\WINDOWS\System32\msvcrt.dll
0x00007ff9e1f10000 - 0x00007ff9e1fb6000 	C:\WINDOWS\System32\sechost.dll
0x00007ff9e1d30000 - 0x00007ff9e1e48000 	C:\WINDOWS\System32\RPCRT4.dll
0x00007ff9e0af0000 - 0x00007ff9e0cb5000 	C:\WINDOWS\System32\USER32.dll
0x00007ff9df190000 - 0x00007ff9df1b7000 	C:\WINDOWS\System32\win32u.dll
0x00007ff9c41f0000 - 0x00007ff9c4483000 	C:\WINDOWS\WinSxS\amd64_microsoft.windows.common-controls_6595b64144ccf1df_6.0.26100.6899_none_3e0efeeae32e88c1\COMCTL32.dll
0x00007ff9e0960000 - 0x00007ff9e098b000 	C:\WINDOWS\System32\GDI32.dll
0x00007ff9df320000 - 0x00007ff9df44d000 	C:\WINDOWS\System32\gdi32full.dll
0x00007ff9dfbd0000 - 0x00007ff9dfc73000 	C:\WINDOWS\System32\msvcp_win.dll
0x00007ff9ced90000 - 0x00007ff9ced9b000 	C:\WINDOWS\SYSTEM32\VERSION.dll
0x00007ff9e1ed0000 - 0x00007ff9e1eff000 	C:\WINDOWS\System32\IMM32.DLL
0x00007ff9b8e30000 - 0x00007ff9b8e3c000 	C:\Program Files\Java\jdk-17.0.6\bin\vcruntime140_1.dll
0x00007ff965ce0000 - 0x00007ff965d6e000 	C:\Program Files\Java\jdk-17.0.6\bin\msvcp140.dll
0x00007ff911c30000 - 0x00007ff912807000 	C:\Program Files\Java\jdk-17.0.6\bin\server\jvm.dll
0x00007ff9e0ee0000 - 0x00007ff9e0ee8000 	C:\WINDOWS\System32\PSAPI.DLL
0x00007ff9d5f30000 - 0x00007ff9d5f65000 	C:\WINDOWS\SYSTEM32\WINMM.dll
0x00007ff9be860000 - 0x00007ff9be86a000 	C:\WINDOWS\SYSTEM32\WSOCK32.dll
0x00007ff9e00e0000 - 0x00007ff9e0154000 	C:\WINDOWS\System32\WS2_32.dll
0x00007ff9ddf60000 - 0x00007ff9ddf7b000 	C:\WINDOWS\SYSTEM32\kernel.appcore.dll
0x00007ff9b7100000 - 0x00007ff9b710a000 	C:\Program Files\Java\jdk-17.0.6\bin\jimage.dll
0x00007ff9dc770000 - 0x00007ff9dc9b2000 	C:\WINDOWS\SYSTEM32\DBGHELP.DLL
0x00007ff9e05b0000 - 0x00007ff9e092b000 	C:\WINDOWS\System32\combase.dll
0x00007ff9e0cc0000 - 0x00007ff9e0d97000 	C:\WINDOWS\System32\OLEAUT32.dll
0x00007ff9d5ef0000 - 0x00007ff9d5f2c000 	C:\WINDOWS\SYSTEM32\dbgcore.DLL
0x00007ff9df1c0000 - 0x00007ff9df258000 	C:\WINDOWS\System32\bcryptPrimitives.dll
0x00007ff9b5a60000 - 0x00007ff9b5a6e000 	C:\Program Files\Java\jdk-17.0.6\bin\instrument.dll
0x00007ff9a5370000 - 0x00007ff9a5395000 	C:\Program Files\Java\jdk-17.0.6\bin\java.dll
0x00007ff95ce30000 - 0x00007ff95cf07000 	C:\Program Files\Java\jdk-17.0.6\bin\jsvml.dll
0x00007ff9e0ff0000 - 0x00007ff9e173d000 	C:\WINDOWS\System32\SHELL32.dll
0x00007ff9df9d0000 - 0x00007ff9dfb3b000 	C:\WINDOWS\System32\wintypes.dll
0x00007ff9dce00000 - 0x00007ff9dd65d000 	C:\WINDOWS\SYSTEM32\windows.storage.dll
0x00007ff9e0ef0000 - 0x00007ff9e0fe2000 	C:\WINDOWS\System32\SHCORE.dll
0x00007ff9e0180000 - 0x00007ff9e01e2000 	C:\WINDOWS\System32\shlwapi.dll
0x00007ff9df0b0000 - 0x00007ff9df0d9000 	C:\WINDOWS\SYSTEM32\profapi.dll
0x00007ff9a5c80000 - 0x00007ff9a5c98000 	C:\Program Files\Java\jdk-17.0.6\bin\zip.dll
0x00007ff9a4b10000 - 0x00007ff9a4b29000 	C:\Program Files\Java\jdk-17.0.6\bin\net.dll
0x00007ff9cea70000 - 0x00007ff9ceb8f000 	C:\WINDOWS\SYSTEM32\WINHTTP.dll
0x00007ff9de4d0000 - 0x00007ff9de53b000 	C:\WINDOWS\system32\mswsock.dll
0x00007ff9a4610000 - 0x00007ff9a4626000 	C:\Program Files\Java\jdk-17.0.6\bin\nio.dll
0x00007ff9b1100000 - 0x00007ff9b1110000 	C:\Program Files\Java\jdk-17.0.6\bin\verify.dll
0x00007ff9af2c0000 - 0x00007ff9af2e7000 	C:\Users\lenovo\.gradle\native\1def1411415f61bf3af743bc5b6707747c0891f09f0c88961ee8f79bc544acac\windows-amd64\native-platform.dll
0x00007ff9b71c0000 - 0x00007ff9b7238000 	C:\Users\lenovo\.gradle\native\0.2.7\x86_64-windows-gnu\gradle-fileevents.dll
0x00007ff9afa60000 - 0x00007ff9afa6a000 	C:\Program Files\Java\jdk-17.0.6\bin\management.dll
0x00007ff9af5b0000 - 0x00007ff9af5bb000 	C:\Program Files\Java\jdk-17.0.6\bin\management_ext.dll
0x00007ff9dda30000 - 0x00007ff9dda64000 	C:\WINDOWS\SYSTEM32\IPHLPAPI.DLL
0x00007ff9e00d0000 - 0x00007ff9e00da000 	C:\WINDOWS\System32\NSI.dll
0x00007ff9d2900000 - 0x00007ff9d291e000 	C:\WINDOWS\SYSTEM32\dhcpcsvc6.DLL
0x00007ff9d28d0000 - 0x00007ff9d28f3000 	C:\WINDOWS\SYSTEM32\dhcpcsvc.DLL
0x00007ff9dda70000 - 0x00007ff9ddb96000 	C:\WINDOWS\SYSTEM32\DNSAPI.dll
0x00007ff9de780000 - 0x00007ff9de79b000 	C:\WINDOWS\SYSTEM32\CRYPTSP.dll
0x00007ff9ddec0000 - 0x00007ff9ddefb000 	C:\WINDOWS\system32\rsaenh.dll
0x00007ff9de570000 - 0x00007ff9de59b000 	C:\WINDOWS\SYSTEM32\USERENV.dll
0x00007ff9df080000 - 0x00007ff9df0a6000 	C:\WINDOWS\SYSTEM32\bcrypt.dll
0x00007ff9de7a0000 - 0x00007ff9de7ac000 	C:\WINDOWS\SYSTEM32\CRYPTBASE.dll
0x00007ff9aeb60000 - 0x00007ff9aeb6d000 	C:\Program Files\Java\jdk-17.0.6\bin\sunmscapi.dll
0x00007ff9df850000 - 0x00007ff9df9c7000 	C:\WINDOWS\System32\CRYPT32.dll
0x00007ff9de9a0000 - 0x00007ff9de9d0000 	C:\WINDOWS\SYSTEM32\ncrypt.dll
0x00007ff9de950000 - 0x00007ff9de98f000 	C:\WINDOWS\SYSTEM32\NTASN1.dll
0x00007ff9a2ee0000 - 0x00007ff9a2ee8000 	C:\WINDOWS\system32\wshunix.dll
0x00007ff9cedf0000 - 0x00007ff9cedfb000 	C:\Windows\System32\rasadhlp.dll
0x00007ff9d4800000 - 0x00007ff9d4886000 	C:\WINDOWS\System32\fwpuclnt.dll
0x00007ff9de080000 - 0x00007ff9de0b6000 	C:\WINDOWS\SYSTEM32\ntmarta.dll

dbghelp: loaded successfully - version: 4.0.5 - missing functions: none
symbol engine: initialized successfully - sym options: 0x614 - pdb path: .;C:\Program Files\Java\jdk-17.0.6\bin;C:\WINDOWS\SYSTEM32;C:\WINDOWS\WinSxS\amd64_microsoft.windows.common-controls_6595b64144ccf1df_6.0.26100.6899_none_3e0efeeae32e88c1;C:\Program Files\Java\jdk-17.0.6\bin\server;C:\Users\lenovo\.gradle\native\1def1411415f61bf3af743bc5b6707747c0891f09f0c88961ee8f79bc544acac\windows-amd64;C:\Users\lenovo\.gradle\native\0.2.7\x86_64-windows-gnu

VM Arguments:
jvm_args: --add-opens=java.base/java.lang=ALL-UNNAMED --add-opens=java.base/java.lang.invoke=ALL-UNNAMED --add-opens=java.base/java.util=ALL-UNNAMED --add-opens=java.prefs/java.util.prefs=ALL-UNNAMED --add-exports=jdk.compiler/com.sun.tools.javac.api=ALL-UNNAMED --add-exports=jdk.compiler/com.sun.tools.javac.util=ALL-UNNAMED --add-opens=java.base/java.util=ALL-UNNAMED --add-opens=java.prefs/java.util.prefs=ALL-UNNAMED --add-opens=java.base/java.nio.charset=ALL-UNNAMED --add-opens=java.base/java.net=ALL-UNNAMED --add-opens=java.base/java.util.concurrent.atomic=ALL-UNNAMED --add-opens=java.xml/javax.xml.namespace=ALL-UNNAMED -XX:MaxMetaspaceSize=384m -XX:+HeapDumpOnOutOfMemoryError -Xms256m -Xmx512m -Dfile.encoding=UTF-8 -Duser.country=US -Duser.language=en -Duser.variant -javaagent:C:\Users\lenovo\.gradle\wrapper\dists\gradle-8.14.3-bin\cv11ve7ro1n3o1j4so8xd9n66\gradle-8.14.3\lib\agents\gradle-instrumentation-agent-8.14.3.jar 
java_command: org.gradle.launcher.daemon.bootstrap.GradleDaemon 8.14.3
java_class_path (initial): C:\Users\lenovo\.gradle\wrapper\dists\gradle-8.14.3-bin\cv11ve7ro1n3o1j4so8xd9n66\gradle-8.14.3\lib\gradle-daemon-main-8.14.3.jar
Launcher Type: SUN_STANDARD

[Global flags]
     intx CICompilerCount                          = 4                                         {product} {ergonomic}
   size_t CompressedClassSpaceSize                 = 322961408                                 {product} {ergonomic}
     uint ConcGCThreads                            = 2                                         {product} {ergonomic}
     uint G1ConcRefinementThreads                  = 8                                         {product} {ergonomic}
   size_t G1HeapRegionSize                         = 1048576                                   {product} {ergonomic}
    uintx GCDrainStackTargetSize                   = 64                                        {product} {ergonomic}
     bool HeapDumpOnOutOfMemoryError               = true                                   {manageable} {command line}
   size_t InitialHeapSize                          = 268435456                                 {product} {command line}
   size_t MarkStackSize                            = 4194304                                   {product} {ergonomic}
   size_t MaxHeapSize                              = 536870912                                 {product} {command line}
   size_t MaxMetaspaceSize                         = 402653184                                 {product} {command line}
   size_t MaxNewSize                               = 321912832                                 {product} {ergonomic}
   size_t MinHeapDeltaBytes                        = 1048576                                   {product} {ergonomic}
   size_t MinHeapSize                              = 268435456                                 {product} {command line}
    uintx NonNMethodCodeHeapSize                   = 5839372                                {pd product} {ergonomic}
    uintx NonProfiledCodeHeapSize                  = 122909434                              {pd product} {ergonomic}
    uintx ProfiledCodeHeapSize                     = 122909434                              {pd product} {ergonomic}
    uintx ReservedCodeCacheSize                    = 251658240                              {pd product} {ergonomic}
     bool SegmentedCodeCache                       = true                                      {product} {ergonomic}
   size_t SoftMaxHeapSize                          = 536870912                              {manageable} {ergonomic}
     bool UseCompressedClassPointers               = true                           {product lp64_product} {ergonomic}
     bool UseCompressedOops                        = true                           {product lp64_product} {ergonomic}
     bool UseG1GC                                  = true                                      {product} {ergonomic}
     bool UseLargePagesIndividualAllocation        = false                                  {pd product} {ergonomic}

Logging:
Log output configuration:
 #0: stdout all=warning uptime,level,tags
 #1: stderr all=off uptime,level,tags

Environment Variables:
JAVA_HOME=C:\Program Files\Java\jdk-17.0.6
PATH=C:\Program Files\Java\jdk-17.0.6\bin;C:\Program Files\Common Files\Oracle\Java\javapath;C:\WINDOWS\system32;C:\WINDOWS;C:\WINDOWS\System32\Wbem;C:\WINDOWS\System32\WindowsPowerShell\v1.0\;C:\WINDOWS\System32\OpenSSH\;C:\Program Files (x86)\GtkSharp\2.12\bin;C:\Program Files\Microsoft SQL Server\150\Tools\Binn\;C:\Program Files\Microsoft SQL Server\Client SDK\ODBC\170\Tools\Binn\;C:\Program Files\dotnet\;C:\Program Files (x86)\Microsoft SQL Server\150\Tools\Binn\;C:\Program Files\Microsoft SQL Server\150\DTS\Binn\;C:\Program Files\Azure Data Studio\bin;c:\Program Files (x86)\Microsoft SQL Server\110\Tools\Binn\;c:\Program Files (x86)\Microsoft SQL Server\110\DTS\Binn\;C:\WINDOWS\system32;C:\WINDOWS;C:\WINDOWS\System32\Wbem;C:\WINDOWS\System32\WindowsPowerShell\v1.0\;C:\WINDOWS\System32\OpenSSH\;C:\Program Files\MongoDB\Server\6.0\bin;C:\Program Files\Git\cmd;C:\Program Files\Java\jdk-17.0.6\bin;C:\Program Files (x86)\Microsoft SQL Server\160\Tools\Binn\;C:\Program Files\Microsoft SQL Server\160\Tools\Binn\;C:\Program Files\Microsoft SQL Server\160\DTS\Binn\;C:\Program Files\apache-maven-3.9.5\bin;C:\Program Files\Microsoft SQL Server\Client SDK\ODBC\110\Tools\Binn\;C:\Program Files (x86)\Microsoft SQL Server\120\Tools\Binn\ManagementStudio\;C:\Program Files (x86)\Microsoft SQL Server\120\Tools\Binn\;C:\Program Files\Microsoft SQL Server\120\Tools\Binn\;C:\Program Files (x86)\Microsoft SQL Server\120\DTS\Binn\;C:\Program Files\Microsoft SQL Server\120\DTS\Binn\;C:\OpenCV\opencv\build\java\x64;C:\ffmpeg\ffmpeg-7.0.1-essentials_build\bin;C:\Program Files\Docker\Docker\resources\bin;C:\Program Files\Java\payara6\bin;D:\kafka_2.12-3.4.0\bin\windows;C:\ngrok;C:\Program Files\Amazon\AWSCLIV2\;C:\Program Files\Amazon\AWSCLI\;C:\Program Files\Redis;C:\Program Files\MySQL\MySQL Server 8.0\bin;C:\Program Files\nodejs\;C:\Program Files\Java\jdk-17.0.6\bin;C:\Users\lenovo\AppData\Local\Programs\Python\Python310\Scripts\;C:\Users\lenovo\AppData\Local\Programs\Python\Python310\;C
USERNAME=lenovo
OS=Windows_NT
PROCESSOR_IDENTIFIER=Intel64 Family 6 Model 140 Stepping 1, GenuineIntel



---------------  S Y S T E M  ---------------

OS:
 Windows 11 , 64 bit Build 26100 (10.0.26100.6725)
OS uptime: 2 days 11:13 hours

CPU: total 8 (initial active 8) (4 cores per cpu, 2 threads per core) family 6 model 140 stepping 1 microcode 0x7e, cx8, cmov, fxsr, ht, mmx, 3dnowpref, sse, sse2, sse3, ssse3, sse4.1, sse4.2, popcnt, lzcnt, tsc, tscinvbit, avx, avx2, aes, erms, clmul, bmi1, bmi2, adx, avx512f, avx512dq, avx512cd, avx512bw, avx512vl, sha, fma, vzeroupper, avx512_vpopcntdq, avx512_vpclmulqdq, avx512_vaes, avx512_vnni, clflush, clflushopt, clwb, avx512_vbmi2, avx512_vbmi

Memory: 4k page, system-wide physical 16183M (69M free)
TotalPageFile size 33704M (AvailPageFile size 6M)
current process WorkingSet (physical memory assigned to process): 760M, peak: 839M
current process commit charge ("private bytes"): 877M, peak: 948M

vm_info: Java HotSpot(TM) 64-Bit Server VM (17.0.6+9-LTS-190) for windows-amd64 JRE (17.0.6+9-LTS-190), built on Dec  6 2022 15:53:54 by "mach5one" with MS VC++ 17.1 (VS2022)

END.
